Product ID,Product Name,Product Group ID,Price,Stock Quantity,Supplier,Warranty Period,Manufacturing Date,Expiry Date,Weight,Dimensions
1,PC D,1,505$,90,Supplier Z,2 years,3/21/2022,10/20/2024,300g,6x5x2 inch
2,Smartwatch Z,2,52$,90,Supplier A,3 years,4/14/2022,11/27/2024,300g,6x5x2 inch
3,PC D,3,99$,200,Supplier X,6 months,5/19/2022,2/16/2025,2.3kg,5x2x0.3 inch
4,Accessory F,4,310$,30,Supplier M,6 months,8/22/2022,7/13/2024,100g,8x5x0.5 inch
5,PC D,5,212$,40,Supplier H,12 months,9/27/2022,3/16/2025,500g,6x5x2 inch
6,Tablet B,6,39$,30,Supplier F,12 months,4/20/2022,7/7/2024,2kg,8x5x0.5 inch
7,Smartwatch Z,7,100$,60,Supplier N,6 months,12/2/2022,6/6/2024,300g,8x5x0.5 inch
8,Watch G,8,531$,90,Supplier E,1 year,5/20/2022,1/20/2025,300g,8x5x0.5 inch
9,Accessory F,9,60$,40,Supplier I,1 year,10/31/2022,9/17/2024,650g,13x9x0.7 inch
10,Accessory F,10,505$,200,Supplier B,12 months,5/25/2022,5/6/2025,100g,6x5x2 inch
11,SIM Y,11,531$,40,Supplier Y,12 months,6/13/2022,11/25/2024,2kg,13x9x0.7 inch
12,Laptop C,12,52$,30,Supplier Z,1 year,4/17/2022,7/15/2024,100g,5x2x0.3 inch
13,SIM Y,13,10$,70,Supplier F,6 months,8/14/2022,8/13/2024,650g,6x5x2 inch
14,Headphones E,14,56$,50,Supplier K,6 months,3/4/2022,8/4/2024,2.3kg,2x2x0.5 inch
15,Watch G,15,100$,150,Supplier Z,12 months,10/18/2022,5/29/2024,2.3kg,2x2x0.5 inch
16,Smartphone A,16,505$,150,Supplier B,12 months,10/3/2022,3/20/2025,300g,8x5x0.5 inch
17,SIM Y,17,505$,70,Supplier F,12 months,4/5/2022,2/21/2025,200g,13x9x0.7 inch
18,Watch G,18,70$,60,Supplier O,18 months,3/23/2022,10/13/2024,300g,6x5x2 inch
19,Laptop C,19,29$,100,Supplier B,18 months,9/3/2022,4/29/2025,1.5kg,13x9x0.7 inch
20,SIM Y,20,44$,60,Supplier K,6 months,9/17/2022,12/9/2024,1.5kg,2x2x0.5 inch
21,PC D,21,29$,100,Supplier X,1 year,4/22/2022,1/28/2025,1.5kg,13x9x0.7 inch
22,SIM Y,22,39$,90,Supplier C,2 years,7/1/2022,12/27/2024,650g,13x9x0.7 inch
23,Accessory F,23,44$,100,Supplier N,6 months,11/19/2022,11/11/2024,300g,2x2x0.5 inch
24,Headphones E,24,10$,70,Supplier F,12 months,8/4/2022,6/20/2024,200g,8x5x0.5 inch
25,Watch G,25,100$,90,Supplier X,12 months,10/29/2022,11/19/2024,300g,13x9x0.7 inch
26,Accessory F,26,52$,50,Supplier H,3 years,11/6/2022,3/18/2025,100g,2x2x0.5 inch
27,Watch G,27,10$,50,Supplier Y,6 months,9/2/2022,6/7/2024,300g,8x5x0.5 inch
28,Printer H,28,52$,200,Supplier I,12 months,2/15/2022,7/19/2024,650g,5x2x0.3 inch
29,Laptop C,29,212$,30,Supplier G,18 months,6/15/2022,9/18/2024,200g,6x5x2 inch
30,SIM Y,30,39$,50,Supplier X,18 months,1/29/2022,11/23/2024,650g,8x5x0.5 inch
31,Printer H,31,531$,40,Supplier C,1 year,9/10/2022,10/11/2024,300g,13x9x0.7 inch
32,Headphones E,32,70$,70,Supplier X,3 years,1/31/2022,4/11/2025,300g,5x2x0.3 inch
33,SIM Y,33,505$,50,Supplier D,12 months,10/12/2022,7/13/2024,300g,5x2x0.3 inch
34,Smartwatch Z,34,56$,50,Supplier Y,6 months,1/24/2022,9/21/2024,200g,8x5x0.5 inch
35,SIM Y,35,10$,80,Supplier G,18 months,7/3/2022,9/23/2024,300g,13x9x0.7 inch
36,Printer H,36,29$,60,Supplier M,3 years,11/26/2022,7/8/2024,300g,2x2x0.5 inch
37,Smartphone A,37,70$,70,Supplier X,3 years,9/29/2022,9/6/2024,650g,6x5x2 inch
38,PC D,38,52$,200,Supplier H,18 months,6/24/2022,2/13/2025,2.3kg,6x5x2 inch
39,SIM Y,39,44$,50,Supplier E,2 years,2/24/2022,9/21/2024,200g,6x5x2 inch
40,Printer H,40,310$,50,Supplier A,2 years,3/19/2022,5/27/2024,300g,13x9x0.7 inch
41,Laptop C,41,250$,200,Supplier G,18 months,9/25/2022,12/16/2024,650g,13x9x0.7 inch
42,Printer H,42,99$,150,Supplier F,12 months,2/13/2022,7/5/2024,200g,6x5x2 inch
43,PC D,43,39$,200,Supplier M,1 year,10/9/2022,2/22/2025,650g,13x9x0.7 inch
44,SIM Y,44,44$,250,Supplier L,6 months,11/3/2022,9/28/2024,200g,13x9x0.7 inch
45,Smartphone A,45,56$,30,Supplier A,6 months,4/8/2022,11/16/2024,650g,5x2x0.3 inch
46,Headphones E,46,39$,100,Supplier D,18 months,6/21/2022,12/8/2024,2.3kg,8x5x0.5 inch
47,Laptop C,47,60$,70,Supplier C,3 years,10/21/2022,9/24/2024,2kg,2x2x0.5 inch
48,Accessory F,48,99$,50,Supplier E,3 years,9/21/2022,1/1/2025,650g,6x5x2 inch
49,SIM Y,49,10$,30,Supplier H,3 years,9/29/2022,9/20/2024,650g,6x5x2 inch
50,Accessory F,50,250$,150,Supplier N,12 months,9/30/2022,2/28/2025,300g,13x9x0.7 inch
51,Accessory F,51,212$,90,Supplier O,12 months,7/10/2022,9/5/2024,300g,6x5x2 inch
52,Accessory F,52,99$,60,Supplier Y,3 years,7/15/2022,7/11/2024,300g,13x9x0.7 inch
53,Smartphone A,53,39$,150,Supplier O,18 months,1/13/2022,5/28/2024,500g,5x2x0.3 inch
54,Smartwatch Z,54,60$,90,Supplier F,18 months,3/6/2022,8/25/2024,500g,13x9x0.7 inch
55,PC D,55,250$,70,Supplier K,1 year,8/29/2022,10/25/2024,650g,5x2x0.3 inch
56,PC D,56,423$,30,Supplier O,2 years,8/4/2022,7/27/2024,2kg,13x9x0.7 inch
57,Headphones E,57,39$,50,Supplier B,2 years,5/28/2022,6/12/2024,650g,8x5x0.5 inch
58,Watch G,58,60$,60,Supplier Z,18 months,4/30/2022,2/9/2025,2kg,8x5x0.5 inch
59,Tablet B,59,10$,90,Supplier C,2 years,11/18/2022,4/21/2025,2kg,8x5x0.5 inch
60,PC D,60,60$,50,Supplier G,18 months,7/10/2022,4/1/2025,650g,2x2x0.5 inch
61,Accessory F,61,29$,250,Supplier G,18 months,1/13/2022,9/16/2024,500g,5x2x0.3 inch
62,Laptop C,62,423$,80,Supplier D,18 months,12/8/2022,4/21/2025,2kg,6x5x2 inch
63,Headphones E,63,29$,40,Supplier B,18 months,10/7/2022,6/25/2024,300g,2x2x0.5 inch
64,Printer H,64,39$,100,Supplier K,1 year,7/16/2022,1/4/2025,500g,8x5x0.5 inch
65,Printer H,65,60$,80,Supplier Z,1 year,1/19/2022,5/20/2024,200g,6x5x2 inch
66,Accessory F,66,423$,50,Supplier G,2 years,7/11/2022,7/6/2024,2kg,13x9x0.7 inch
67,Laptop C,67,29$,40,Supplier K,3 years,5/12/2022,2/3/2025,1.5kg,8x5x0.5 inch
68,Watch G,68,212$,30,Supplier I,3 years,3/26/2022,4/30/2025,300g,2x2x0.5 inch
69,Laptop C,69,29$,200,Supplier D,6 months,7/5/2022,6/4/2024,2.3kg,5x2x0.3 inch
70,Watch G,70,44$,30,Supplier Y,2 years,12/10/2022,11/10/2024,300g,5x2x0.3 inch
71,Headphones E,71,100$,80,Supplier Y,18 months,11/19/2022,8/16/2024,2.3kg,6x5x2 inch
72,PC D,72,44$,70,Supplier F,12 months,1/22/2022,7/10/2024,200g,2x2x0.5 inch
73,Laptop C,73,70$,80,Supplier A,12 months,3/9/2022,2/8/2025,300g,6x5x2 inch
74,Tablet B,74,100$,80,Supplier H,6 months,10/17/2022,2/14/2025,2.3kg,8x5x0.5 inch
75,PC D,75,52$,30,Supplier E,12 months,4/4/2022,5/20/2024,1.5kg,8x5x0.5 inch
76,SIM Y,76,531$,50,Supplier K,2 years,1/28/2022,1/1/2025,1.5kg,2x2x0.5 inch
77,Accessory F,77,423$,80,Supplier H,12 months,10/11/2022,1/10/2025,100g,5x2x0.3 inch
78,SIM Y,78,39$,200,Supplier B,6 months,1/29/2022,4/28/2025,1.5kg,13x9x0.7 inch
79,Watch G,79,39$,200,Supplier G,6 months,1/23/2022,10/24/2024,300g,8x5x0.5 inch
80,Watch G,80,44$,90,Supplier E,18 months,4/3/2022,1/7/2025,300g,13x9x0.7 inch
81,Watch G,81,310$,90,Supplier X,18 months,11/12/2022,3/25/2025,2.3kg,2x2x0.5 inch
82,Accessory F,82,70$,200,Supplier L,1 year,9/15/2022,8/10/2024,300g,2x2x0.5 inch
83,Accessory F,83,99$,60,Supplier A,18 months,8/7/2022,5/16/2025,100g,6x5x2 inch
84,Smartwatch Z,84,99$,90,Supplier M,18 months,11/5/2022,11/22/2024,650g,13x9x0.7 inch
85,Smartphone A,85,531$,30,Supplier H,12 months,4/15/2022,1/30/2025,650g,8x5x0.5 inch
86,Smartwatch Z,86,212$,80,Supplier H,1 year,4/7/2022,3/6/2025,1.5kg,5x2x0.3 inch
87,Printer H,87,60$,50,Supplier H,18 months,4/28/2022,2/28/2025,300g,6x5x2 inch
88,Smartwatch Z,88,29$,60,Supplier E,18 months,8/20/2022,3/8/2025,650g,2x2x0.5 inch
89,Tablet B,89,531$,30,Supplier K,2 years,6/25/2022,2/27/2025,2.3kg,2x2x0.5 inch
90,Accessory F,90,56$,50,Supplier D,18 months,11/4/2022,9/22/2024,1.5kg,5x2x0.3 inch
91,Smartwatch Z,91,60$,90,Supplier Y,6 months,5/5/2022,11/11/2024,2.3kg,6x5x2 inch
92,Watch G,92,56$,250,Supplier H,6 months,3/14/2022,5/20/2025,100g,8x5x0.5 inch
93,Laptop C,93,39$,200,Supplier H,12 months,3/4/2022,12/30/2024,300g,13x9x0.7 inch
94,PC D,94,56$,30,Supplier L,6 months,11/25/2022,3/8/2025,500g,8x5x0.5 inch
95,Watch G,95,505$,250,Supplier O,12 months,11/19/2022,12/27/2024,650g,8x5x0.5 inch
96,Smartphone A,96,423$,150,Supplier D,1 year,7/27/2022,6/5/2025,300g,6x5x2 inch
97,Headphones E,97,10$,90,Supplier N,6 months,8/18/2022,6/7/2025,2kg,8x5x0.5 inch
98,Smartwatch Z,98,70$,90,Supplier X,18 months,10/21/2022,1/3/2025,300g,2x2x0.5 inch
99,Tablet B,99,52$,250,Supplier D,2 years,1/23/2022,3/17/2025,200g,6x5x2 inch
100,Printer H,100,60$,40,Supplier O,6 months,4/7/2022,2/6/2025,2kg,13x9x0.7 inch
101,Headphones E,101,250$,250,Supplier A,12 months,4/13/2022,5/27/2025,2kg,8x5x0.5 inch
102,Tablet B,102,100$,150,Supplier Z,12 months,2/15/2022,1/30/2025,500g,5x2x0.3 inch
103,Headphones E,103,250$,30,Supplier X,12 months,9/6/2022,9/24/2024,2.3kg,13x9x0.7 inch
104,SIM Y,104,44$,80,Supplier X,12 months,5/23/2022,8/19/2024,200g,6x5x2 inch
105,Laptop C,105,70$,70,Supplier D,2 years,9/13/2022,12/16/2024,300g,2x2x0.5 inch
106,Smartphone A,106,212$,250,Supplier K,2 years,4/7/2022,8/14/2024,2kg,6x5x2 inch
107,Printer H,107,52$,200,Supplier H,3 years,10/22/2022,8/8/2024,2.3kg,5x2x0.3 inch
108,Laptop C,108,100$,250,Supplier E,3 years,7/5/2022,12/20/2024,300g,2x2x0.5 inch
109,Smartwatch Z,109,60$,70,Supplier X,6 months,11/6/2022,6/24/2024,500g,2x2x0.5 inch
110,Tablet B,110,70$,150,Supplier D,18 months,7/30/2022,5/30/2025,100g,5x2x0.3 inch
111,SIM Y,111,70$,70,Supplier C,12 months,8/7/2022,5/17/2025,300g,8x5x0.5 inch
112,Headphones E,112,531$,200,Supplier F,2 years,4/30/2022,9/17/2024,2kg,8x5x0.5 inch
113,Accessory F,113,44$,200,Supplier N,2 years,4/20/2022,12/12/2024,650g,2x2x0.5 inch
114,Headphones E,114,29$,80,Supplier Z,6 months,11/1/2022,6/30/2024,500g,13x9x0.7 inch
115,Watch G,115,44$,60,Supplier E,12 months,2/14/2022,10/3/2024,2.3kg,2x2x0.5 inch
116,Smartphone A,116,505$,50,Supplier M,2 years,8/17/2022,10/9/2024,100g,13x9x0.7 inch
117,Printer H,117,29$,60,Supplier F,2 years,12/8/2022,10/26/2024,2kg,2x2x0.5 inch
118,Accessory F,118,44$,100,Supplier O,3 years,4/21/2022,10/29/2024,2kg,2x2x0.5 inch
119,Tablet B,119,505$,60,Supplier F,12 months,11/18/2022,6/25/2024,650g,13x9x0.7 inch
120,Headphones E,120,70$,200,Supplier M,6 months,5/12/2022,6/23/2024,200g,13x9x0.7 inch
121,Smartwatch Z,121,310$,80,Supplier E,18 months,9/28/2022,3/12/2025,2.3kg,6x5x2 inch
122,Smartphone A,122,60$,250,Supplier X,1 year,4/10/2022,3/10/2025,500g,2x2x0.5 inch
123,Printer H,123,52$,100,Supplier O,2 years,3/1/2022,6/2/2024,1.5kg,5x2x0.3 inch
124,Watch G,124,56$,90,Supplier C,12 months,2/27/2022,10/21/2024,300g,5x2x0.3 inch
125,Smartwatch Z,125,10$,70,Supplier K,12 months,2/5/2022,9/14/2024,2kg,5x2x0.3 inch
126,Tablet B,126,531$,90,Supplier C,3 years,8/27/2022,12/20/2024,1.5kg,2x2x0.5 inch
127,Laptop C,127,310$,50,Supplier A,2 years,7/10/2022,5/20/2024,200g,6x5x2 inch
128,Smartphone A,128,56$,100,Supplier Y,18 months,5/29/2022,5/23/2025,2kg,8x5x0.5 inch
129,PC D,129,44$,30,Supplier L,2 years,10/26/2022,9/8/2024,300g,2x2x0.5 inch
130,Smartwatch Z,130,310$,50,Supplier A,6 months,11/15/2022,6/30/2024,200g,13x9x0.7 inch
131,SIM Y,131,52$,80,Supplier L,12 months,11/8/2022,11/15/2024,500g,8x5x0.5 inch
132,Laptop C,132,100$,80,Supplier D,2 years,11/9/2022,12/18/2024,650g,13x9x0.7 inch
133,Laptop C,133,10$,90,Supplier Y,1 year,8/30/2022,5/18/2025,650g,13x9x0.7 inch
134,Printer H,134,531$,30,Supplier G,6 months,11/27/2022,8/19/2024,2.3kg,8x5x0.5 inch
135,Printer H,135,44$,60,Supplier D,12 months,4/25/2022,3/3/2025,100g,13x9x0.7 inch
136,SIM Y,136,56$,70,Supplier Z,6 months,6/25/2022,3/31/2025,100g,2x2x0.5 inch
137,Smartphone A,137,70$,40,Supplier H,6 months,5/7/2022,7/25/2024,300g,13x9x0.7 inch
138,Accessory F,138,70$,50,Supplier E,18 months,1/29/2022,6/22/2024,1.5kg,2x2x0.5 inch
139,SIM Y,139,44$,80,Supplier A,18 months,3/1/2022,3/3/2025,650g,13x9x0.7 inch
140,Headphones E,140,10$,40,Supplier L,1 year,10/7/2022,9/28/2024,300g,6x5x2 inch
141,Printer H,141,10$,50,Supplier A,1 year,11/26/2022,6/20/2024,500g,2x2x0.5 inch
142,SIM Y,142,39$,250,Supplier L,18 months,9/8/2022,8/19/2024,1.5kg,5x2x0.3 inch
143,Printer H,143,100$,70,Supplier E,1 year,6/8/2022,5/27/2025,500g,13x9x0.7 inch
144,SIM Y,144,100$,60,Supplier A,18 months,3/15/2022,8/10/2024,100g,2x2x0.5 inch
145,PC D,145,100$,50,Supplier Z,6 months,3/11/2022,2/16/2025,500g,2x2x0.5 inch
146,Accessory F,146,44$,30,Supplier A,2 years,9/8/2022,10/16/2024,500g,2x2x0.5 inch
147,Accessory F,147,100$,250,Supplier O,2 years,11/28/2022,5/11/2024,2kg,5x2x0.3 inch
148,PC D,148,56$,50,Supplier D,3 years,6/3/2022,9/1/2024,2.3kg,8x5x0.5 inch
149,Smartphone A,149,56$,90,Supplier G,1 year,7/6/2022,5/29/2024,100g,13x9x0.7 inch
150,Smartphone A,150,100$,250,Supplier G,18 months,5/30/2022,2/26/2025,100g,5x2x0.3 inch
151,Tablet B,151,505$,80,Supplier H,12 months,2/14/2022,3/12/2025,1.5kg,13x9x0.7 inch
152,Accessory F,152,70$,80,Supplier M,2 years,10/17/2022,10/21/2024,200g,2x2x0.5 inch
153,Smartphone A,153,531$,100,Supplier H,2 years,8/14/2022,7/1/2024,1.5kg,13x9x0.7 inch
154,Printer H,154,250$,80,Supplier M,2 years,8/19/2022,9/4/2024,1.5kg,6x5x2 inch
155,Accessory F,155,250$,80,Supplier B,18 months,3/29/2022,7/31/2024,2kg,6x5x2 inch
156,Watch G,156,310$,90,Supplier D,12 months,4/5/2022,11/28/2024,300g,5x2x0.3 inch
157,Tablet B,157,70$,40,Supplier H,12 months,11/10/2022,6/29/2024,300g,2x2x0.5 inch
158,Smartphone A,158,60$,250,Supplier Z,2 years,6/21/2022,8/27/2024,650g,5x2x0.3 inch
159,SIM Y,159,44$,150,Supplier Z,2 years,9/10/2022,2/11/2025,2.3kg,2x2x0.5 inch
160,Accessory F,160,70$,30,Supplier Z,1 year,11/7/2022,3/11/2025,2.3kg,8x5x0.5 inch
161,Headphones E,161,60$,70,Supplier X,2 years,8/7/2022,6/30/2024,300g,2x2x0.5 inch
162,Laptop C,162,212$,70,Supplier O,6 months,7/25/2022,3/11/2025,2.3kg,6x5x2 inch
163,Headphones E,163,44$,70,Supplier A,1 year,9/8/2022,2/4/2025,100g,2x2x0.5 inch
164,Laptop C,164,60$,30,Supplier N,18 months,5/21/2022,10/13/2024,500g,5x2x0.3 inch
165,Smartwatch Z,165,250$,250,Supplier F,18 months,10/22/2022,2/26/2025,100g,6x5x2 inch
166,Tablet B,166,70$,70,Supplier I,3 years,4/19/2022,2/9/2025,100g,13x9x0.7 inch
167,Printer H,167,39$,90,Supplier A,3 years,5/4/2022,10/26/2024,2kg,5x2x0.3 inch
168,PC D,168,39$,100,Supplier K,18 months,9/1/2022,1/3/2025,1.5kg,5x2x0.3 inch
169,Smartwatch Z,169,39$,200,Supplier B,18 months,3/17/2022,12/17/2024,650g,13x9x0.7 inch
170,Headphones E,170,99$,90,Supplier B,18 months,4/24/2022,3/29/2025,1.5kg,6x5x2 inch
171,Tablet B,171,60$,90,Supplier H,18 months,11/20/2022,4/3/2025,2kg,8x5x0.5 inch
172,Headphones E,172,44$,50,Supplier F,6 months,7/26/2022,9/14/2024,300g,2x2x0.5 inch
173,Tablet B,173,29$,70,Supplier O,2 years,2/1/2022,4/1/2025,300g,13x9x0.7 inch
174,Smartphone A,174,250$,150,Supplier B,6 months,9/17/2022,1/30/2025,2.3kg,2x2x0.5 inch
175,Smartwatch Z,175,70$,30,Supplier F,1 year,2/10/2022,2/22/2025,100g,8x5x0.5 inch
176,Smartwatch Z,176,99$,100,Supplier K,2 years,8/24/2022,8/1/2024,300g,6x5x2 inch
177,Smartwatch Z,177,531$,250,Supplier I,12 months,4/22/2022,5/21/2024,500g,2x2x0.5 inch
178,Headphones E,178,52$,200,Supplier B,1 year,11/5/2022,3/25/2025,100g,5x2x0.3 inch
179,Headphones E,179,56$,30,Supplier G,3 years,11/19/2022,11/12/2024,650g,6x5x2 inch
180,Watch G,180,10$,90,Supplier Z,1 year,6/30/2022,11/5/2024,500g,5x2x0.3 inch
181,Headphones E,181,44$,150,Supplier D,12 months,1/14/2022,4/8/2025,2kg,5x2x0.3 inch
182,Laptop C,182,310$,40,Supplier X,12 months,6/11/2022,5/20/2025,300g,8x5x0.5 inch
183,Watch G,183,52$,50,Supplier L,18 months,7/5/2022,7/7/2024,650g,13x9x0.7 inch
184,Tablet B,184,70$,30,Supplier F,18 months,2/2/2022,4/13/2025,300g,13x9x0.7 inch
185,Headphones E,185,44$,150,Supplier A,3 years,5/28/2022,11/28/2024,300g,6x5x2 inch
186,Accessory F,186,70$,90,Supplier N,2 years,1/20/2022,7/4/2024,650g,13x9x0.7 inch
187,Headphones E,187,44$,90,Supplier K,18 months,3/3/2022,5/13/2025,650g,8x5x0.5 inch
188,SIM Y,188,39$,100,Supplier K,2 years,1/25/2022,10/21/2024,500g,2x2x0.5 inch
189,SIM Y,189,52$,70,Supplier M,12 months,1/25/2022,11/28/2024,200g,13x9x0.7 inch
190,Laptop C,190,531$,80,Supplier N,1 year,6/14/2022,10/9/2024,2.3kg,8x5x0.5 inch
191,Tablet B,191,56$,100,Supplier K,2 years,6/7/2022,6/8/2025,2.3kg,2x2x0.5 inch
192,SIM Y,192,44$,80,Supplier F,2 years,2/7/2022,5/2/2025,1.5kg,5x2x0.3 inch
193,Tablet B,193,60$,150,Supplier X,12 months,6/27/2022,2/13/2025,2kg,5x2x0.3 inch
194,Headphones E,194,60$,70,Supplier A,3 years,10/17/2022,11/26/2024,500g,5x2x0.3 inch
195,Tablet B,195,505$,200,Supplier L,3 years,6/22/2022,4/22/2025,500g,5x2x0.3 inch
196,Accessory F,196,100$,60,Supplier F,2 years,4/18/2022,12/25/2024,500g,13x9x0.7 inch
197,Smartphone A,197,505$,70,Supplier Y,2 years,11/2/2022,7/24/2024,650g,13x9x0.7 inch
198,SIM Y,198,70$,90,Supplier L,3 years,3/26/2022,5/21/2024,2.3kg,13x9x0.7 inch
199,Printer H,199,60$,60,Supplier Y,1 year,3/22/2022,11/10/2024,500g,6x5x2 inch
200,Laptop C,200,505$,80,Supplier H,6 months,4/3/2022,2/7/2025,650g,8x5x0.5 inch
201,Watch G,201,100$,200,Supplier E,1 year,11/9/2022,2/14/2025,100g,6x5x2 inch
202,Tablet B,202,531$,50,Supplier B,12 months,6/19/2022,12/30/2024,300g,13x9x0.7 inch
203,Smartphone A,203,99$,30,Supplier O,3 years,2/24/2022,8/28/2024,300g,6x5x2 inch
204,PC D,204,56$,70,Supplier B,3 years,1/24/2022,3/26/2025,650g,6x5x2 inch
205,Smartphone A,205,56$,30,Supplier F,1 year,11/15/2022,11/10/2024,650g,2x2x0.5 inch
206,Watch G,206,10$,200,Supplier O,1 year,1/23/2022,4/19/2025,500g,2x2x0.5 inch
207,SIM Y,207,212$,60,Supplier A,2 years,9/28/2022,12/1/2024,2kg,6x5x2 inch
208,Smartphone A,208,212$,50,Supplier N,2 years,3/17/2022,1/7/2025,300g,2x2x0.5 inch
209,SIM Y,209,10$,150,Supplier L,2 years,9/28/2022,6/5/2024,2kg,13x9x0.7 inch
210,Watch G,210,56$,80,Supplier C,2 years,4/2/2022,9/6/2024,300g,6x5x2 inch
211,Smartphone A,211,505$,30,Supplier C,6 months,7/3/2022,2/6/2025,2.3kg,2x2x0.5 inch
212,Laptop C,212,29$,80,Supplier K,3 years,9/17/2022,6/29/2024,100g,6x5x2 inch
213,Tablet B,213,70$,40,Supplier A,1 year,8/3/2022,12/5/2024,200g,5x2x0.3 inch
214,Tablet B,214,212$,80,Supplier C,1 year,5/2/2022,1/29/2025,100g,5x2x0.3 inch
215,SIM Y,215,100$,70,Supplier Y,2 years,8/25/2022,1/16/2025,650g,13x9x0.7 inch
216,Printer H,216,505$,250,Supplier O,12 months,11/1/2022,7/29/2024,300g,13x9x0.7 inch
217,Smartphone A,217,310$,30,Supplier K,18 months,7/1/2022,9/1/2024,100g,13x9x0.7 inch
218,Laptop C,218,100$,90,Supplier C,12 months,3/10/2022,6/5/2025,200g,6x5x2 inch
219,Headphones E,219,100$,250,Supplier D,12 months,11/11/2022,11/2/2024,2.3kg,8x5x0.5 inch
220,Printer H,220,29$,60,Supplier Z,12 months,11/22/2022,5/12/2025,2kg,5x2x0.3 inch
221,Printer H,221,250$,70,Supplier L,3 years,5/29/2022,6/28/2024,100g,2x2x0.5 inch
222,Watch G,222,212$,50,Supplier D,1 year,8/12/2022,3/3/2025,300g,6x5x2 inch
223,Accessory F,223,100$,60,Supplier A,1 year,3/6/2022,11/3/2024,500g,13x9x0.7 inch
224,Accessory F,224,310$,90,Supplier O,12 months,7/10/2022,11/17/2024,2kg,13x9x0.7 inch
225,Accessory F,225,10$,150,Supplier K,2 years,4/7/2022,12/24/2024,100g,5x2x0.3 inch
226,Smartwatch Z,226,100$,70,Supplier Z,3 years,4/1/2022,9/11/2024,2.3kg,5x2x0.3 inch
227,Tablet B,227,100$,250,Supplier M,3 years,10/31/2022,12/20/2024,1.5kg,8x5x0.5 inch
228,Tablet B,228,423$,250,Supplier E,1 year,1/25/2022,11/12/2024,300g,8x5x0.5 inch
229,Smartphone A,229,310$,70,Supplier O,3 years,3/17/2022,4/23/2025,100g,2x2x0.5 inch
230,PC D,230,10$,50,Supplier F,6 months,7/17/2022,4/18/2025,100g,5x2x0.3 inch
231,Accessory F,231,100$,90,Supplier Y,12 months,10/10/2022,1/28/2025,1.5kg,5x2x0.3 inch
232,SIM Y,232,250$,90,Supplier G,6 months,7/31/2022,3/24/2025,100g,6x5x2 inch
233,Headphones E,233,70$,50,Supplier Y,6 months,10/9/2022,2/4/2025,2kg,2x2x0.5 inch
234,Tablet B,234,531$,90,Supplier F,12 months,12/8/2022,10/16/2024,2.3kg,6x5x2 inch
235,Headphones E,235,10$,40,Supplier B,12 months,3/3/2022,7/19/2024,500g,13x9x0.7 inch
236,SIM Y,236,56$,80,Supplier O,1 year,10/4/2022,12/7/2024,1.5kg,8x5x0.5 inch
237,Smartwatch Z,237,56$,90,Supplier A,1 year,5/9/2022,12/1/2024,200g,13x9x0.7 inch
238,Printer H,238,39$,70,Supplier I,12 months,8/7/2022,11/18/2024,2.3kg,6x5x2 inch
239,PC D,239,60$,30,Supplier E,6 months,8/14/2022,7/1/2024,650g,5x2x0.3 inch
240,SIM Y,240,60$,30,Supplier D,2 years,7/30/2022,11/18/2024,300g,2x2x0.5 inch
241,Tablet B,241,56$,150,Supplier K,18 months,12/5/2022,12/1/2024,200g,2x2x0.5 inch
242,Accessory F,242,56$,100,Supplier A,18 months,4/27/2022,4/1/2025,200g,5x2x0.3 inch
243,Tablet B,243,310$,100,Supplier D,3 years,11/8/2022,1/2/2025,2kg,13x9x0.7 inch
244,Watch G,244,100$,80,Supplier K,12 months,11/28/2022,5/18/2025,2kg,8x5x0.5 inch
245,Printer H,245,52$,200,Supplier I,1 year,5/10/2022,9/16/2024,300g,13x9x0.7 inch
246,PC D,246,44$,150,Supplier F,1 year,2/6/2022,4/10/2025,300g,5x2x0.3 inch
247,Smartwatch Z,247,70$,250,Supplier E,12 months,1/18/2022,6/3/2024,1.5kg,6x5x2 inch
248,Accessory F,248,44$,40,Supplier O,1 year,1/30/2022,4/10/2025,500g,8x5x0.5 inch
249,Printer H,249,44$,50,Supplier Z,1 year,3/9/2022,2/20/2025,500g,2x2x0.5 inch
250,Smartphone A,250,99$,70,Supplier L,2 years,9/8/2022,4/1/2025,100g,6x5x2 inch
251,Smartwatch Z,251,44$,60,Supplier O,3 years,8/13/2022,6/2/2024,500g,13x9x0.7 inch
252,SIM Y,252,60$,250,Supplier H,6 months,7/2/2022,8/4/2024,300g,13x9x0.7 inch
253,PC D,253,39$,200,Supplier L,12 months,9/27/2022,6/7/2024,500g,8x5x0.5 inch
254,Smartwatch Z,254,52$,50,Supplier Z,1 year,4/3/2022,2/7/2025,650g,6x5x2 inch
255,Laptop C,255,44$,100,Supplier Z,18 months,7/14/2022,6/29/2024,2kg,2x2x0.5 inch
256,Headphones E,256,56$,90,Supplier H,6 months,3/2/2022,8/19/2024,1.5kg,5x2x0.3 inch
257,Accessory F,257,70$,150,Supplier G,3 years,8/26/2022,9/18/2024,1.5kg,5x2x0.3 inch
258,Headphones E,258,212$,30,Supplier E,3 years,4/30/2022,6/11/2024,100g,13x9x0.7 inch
259,Headphones E,259,310$,100,Supplier A,18 months,4/9/2022,7/28/2024,2.3kg,5x2x0.3 inch
260,Printer H,260,99$,70,Supplier Y,1 year,1/22/2022,3/30/2025,300g,5x2x0.3 inch
261,Headphones E,261,70$,30,Supplier G,2 years,8/2/2022,7/30/2024,200g,6x5x2 inch
262,Accessory F,262,99$,90,Supplier H,18 months,5/7/2022,5/27/2025,2kg,6x5x2 inch
263,Tablet B,263,60$,70,Supplier Z,18 months,1/13/2022,9/21/2024,100g,6x5x2 inch
264,Smartwatch Z,264,60$,200,Supplier I,12 months,11/25/2022,12/5/2024,300g,8x5x0.5 inch
265,Printer H,265,44$,40,Supplier A,1 year,2/14/2022,6/7/2025,2.3kg,13x9x0.7 inch
266,Laptop C,266,100$,50,Supplier G,3 years,10/10/2022,3/28/2025,200g,13x9x0.7 inch
267,Smartwatch Z,267,212$,150,Supplier D,12 months,3/29/2022,11/17/2024,1.5kg,8x5x0.5 inch
268,Printer H,268,29$,200,Supplier H,6 months,2/4/2022,11/28/2024,650g,13x9x0.7 inch
269,Smartwatch Z,269,39$,40,Supplier C,3 years,4/19/2022,4/14/2025,1.5kg,8x5x0.5 inch
270,PC D,270,60$,200,Supplier N,2 years,10/29/2022,11/6/2024,2.3kg,2x2x0.5 inch
271,Printer H,271,60$,50,Supplier D,2 years,4/27/2022,2/8/2025,500g,13x9x0.7 inch
272,Tablet B,272,99$,50,Supplier C,18 months,5/6/2022,12/14/2024,2kg,13x9x0.7 inch
273,Laptop C,273,60$,40,Supplier L,2 years,5/7/2022,3/13/2025,300g,13x9x0.7 inch
274,Smartwatch Z,274,212$,70,Supplier C,12 months,4/10/2022,7/25/2024,2kg,2x2x0.5 inch
275,Smartphone A,275,310$,50,Supplier F,18 months,1/20/2022,8/13/2024,300g,13x9x0.7 inch
276,PC D,276,531$,80,Supplier G,18 months,6/24/2022,12/2/2024,100g,2x2x0.5 inch
277,Tablet B,277,60$,150,Supplier N,12 months,5/18/2022,11/21/2024,100g,2x2x0.5 inch
278,Headphones E,278,10$,50,Supplier H,12 months,2/20/2022,11/6/2024,500g,13x9x0.7 inch
279,Smartwatch Z,279,423$,60,Supplier Y,1 year,2/3/2022,7/11/2024,500g,5x2x0.3 inch
280,Printer H,280,99$,40,Supplier K,2 years,4/18/2022,11/24/2024,650g,5x2x0.3 inch
281,Headphones E,281,250$,100,Supplier I,2 years,10/29/2022,5/30/2024,300g,6x5x2 inch
282,Headphones E,282,29$,150,Supplier O,2 years,5/22/2022,1/14/2025,650g,13x9x0.7 inch
283,Laptop C,283,39$,60,Supplier X,3 years,9/1/2022,10/1/2024,500g,5x2x0.3 inch
284,Headphones E,284,250$,100,Supplier A,12 months,3/15/2022,12/4/2024,1.5kg,5x2x0.3 inch
285,SIM Y,285,10$,100,Supplier G,12 months,4/15/2022,4/22/2025,300g,2x2x0.5 inch
286,Laptop C,286,70$,150,Supplier O,18 months,3/5/2022,5/26/2024,100g,5x2x0.3 inch
287,Headphones E,287,10$,70,Supplier Z,1 year,9/5/2022,9/16/2024,300g,2x2x0.5 inch
288,Laptop C,288,29$,200,Supplier L,18 months,8/8/2022,10/9/2024,2.3kg,13x9x0.7 inch
289,Printer H,289,60$,70,Supplier F,12 months,4/15/2022,3/3/2025,2kg,13x9x0.7 inch
290,Smartwatch Z,290,310$,90,Supplier N,1 year,10/7/2022,7/15/2024,2.3kg,6x5x2 inch
291,Laptop C,291,505$,200,Supplier G,1 year,5/12/2022,12/14/2024,300g,2x2x0.5 inch
292,Printer H,292,310$,60,Supplier I,6 months,4/5/2022,11/4/2024,500g,6x5x2 inch
293,SIM Y,293,100$,30,Supplier H,3 years,8/21/2022,10/19/2024,300g,6x5x2 inch
294,Printer H,294,44$,250,Supplier F,6 months,9/2/2022,8/15/2024,500g,13x9x0.7 inch
295,Tablet B,295,310$,40,Supplier D,2 years,2/22/2022,7/10/2024,500g,5x2x0.3 inch
296,Laptop C,296,60$,90,Supplier G,12 months,2/23/2022,12/8/2024,2.3kg,5x2x0.3 inch
297,Laptop C,297,212$,200,Supplier X,12 months,8/9/2022,4/30/2025,300g,8x5x0.5 inch
298,Smartphone A,298,423$,250,Supplier X,1 year,5/18/2022,6/12/2025,100g,5x2x0.3 inch
299,Headphones E,299,99$,100,Supplier M,12 months,9/1/2022,1/19/2025,500g,8x5x0.5 inch
300,Smartwatch Z,300,423$,50,Supplier Y,2 years,8/30/2022,2/18/2025,300g,8x5x0.5 inch
301,Smartwatch Z,301,100$,250,Supplier G,6 months,8/23/2022,5/15/2024,2kg,5x2x0.3 inch
302,Laptop C,302,10$,90,Supplier L,6 months,1/19/2022,12/29/2024,1.5kg,6x5x2 inch
303,Headphones E,303,10$,50,Supplier N,18 months,4/15/2022,9/2/2024,200g,2x2x0.5 inch
304,SIM Y,304,52$,40,Supplier E,1 year,7/26/2022,4/9/2025,2.3kg,13x9x0.7 inch
305,Printer H,305,70$,200,Supplier X,18 months,9/20/2022,1/27/2025,300g,2x2x0.5 inch
306,Tablet B,306,212$,150,Supplier D,18 months,8/20/2022,10/12/2024,500g,2x2x0.5 inch
307,Smartwatch Z,307,39$,100,Supplier N,3 years,4/30/2022,4/8/2025,300g,8x5x0.5 inch
308,SIM Y,308,212$,30,Supplier X,6 months,10/2/2022,5/4/2025,200g,2x2x0.5 inch
309,Printer H,309,44$,80,Supplier E,18 months,5/15/2022,10/3/2024,2kg,13x9x0.7 inch
310,Laptop C,310,56$,90,Supplier D,3 years,4/5/2022,12/16/2024,300g,2x2x0.5 inch
311,Smartphone A,311,100$,50,Supplier Y,2 years,5/29/2022,4/16/2025,300g,5x2x0.3 inch
312,Printer H,312,60$,40,Supplier H,1 year,2/5/2022,7/30/2024,2kg,6x5x2 inch
313,SIM Y,313,52$,80,Supplier H,2 years,9/23/2022,12/10/2024,100g,5x2x0.3 inch
314,Watch G,314,29$,40,Supplier O,3 years,4/6/2022,4/24/2025,2.3kg,6x5x2 inch
315,Watch G,315,56$,80,Supplier D,1 year,3/2/2022,5/21/2024,300g,2x2x0.5 inch
316,Laptop C,316,423$,100,Supplier D,12 months,3/17/2022,4/21/2025,500g,8x5x0.5 inch
317,Printer H,317,44$,250,Supplier G,18 months,11/18/2022,6/25/2024,100g,2x2x0.5 inch
318,Accessory F,318,100$,40,Supplier F,18 months,9/22/2022,5/9/2025,200g,2x2x0.5 inch
319,Smartphone A,319,70$,250,Supplier X,12 months,7/11/2022,10/10/2024,100g,8x5x0.5 inch
320,SIM Y,320,39$,90,Supplier H,3 years,12/4/2022,5/13/2024,100g,5x2x0.3 inch
321,Headphones E,321,100$,200,Supplier N,3 years,3/3/2022,9/23/2024,2kg,5x2x0.3 inch
322,Smartphone A,322,99$,70,Supplier M,1 year,3/21/2022,5/22/2024,200g,5x2x0.3 inch
323,Smartphone A,323,44$,50,Supplier A,12 months,11/3/2022,2/15/2025,300g,6x5x2 inch
324,Laptop C,324,250$,150,Supplier L,2 years,5/23/2022,7/24/2024,300g,5x2x0.3 inch
325,Tablet B,325,39$,40,Supplier N,1 year,3/2/2022,6/13/2025,2.3kg,6x5x2 inch
326,Watch G,326,212$,250,Supplier L,2 years,6/19/2022,7/10/2024,650g,6x5x2 inch
327,Smartwatch Z,327,39$,30,Supplier M,2 years,5/24/2022,3/14/2025,650g,6x5x2 inch
328,Smartphone A,328,10$,40,Supplier O,3 years,3/24/2022,1/17/2025,500g,8x5x0.5 inch
329,PC D,329,99$,70,Supplier D,1 year,2/9/2022,2/1/2025,2.3kg,8x5x0.5 inch
330,SIM Y,330,423$,60,Supplier B,18 months,5/21/2022,12/25/2024,500g,5x2x0.3 inch
331,Laptop C,331,60$,80,Supplier G,2 years,3/28/2022,9/10/2024,300g,6x5x2 inch
332,Laptop C,332,310$,250,Supplier E,6 months,1/14/2022,5/18/2025,650g,8x5x0.5 inch
333,Smartwatch Z,333,70$,30,Supplier D,2 years,11/5/2022,4/27/2025,650g,5x2x0.3 inch
334,Smartwatch Z,334,423$,30,Supplier M,1 year,12/5/2022,2/17/2025,300g,8x5x0.5 inch
335,Smartwatch Z,335,423$,200,Supplier O,6 months,5/3/2022,12/28/2024,500g,2x2x0.5 inch
336,Smartphone A,336,70$,150,Supplier H,1 year,12/6/2022,11/1/2024,300g,5x2x0.3 inch
337,Printer H,337,10$,250,Supplier D,2 years,11/18/2022,9/2/2024,2.3kg,5x2x0.3 inch
338,Accessory F,338,39$,40,Supplier A,12 months,6/24/2022,7/30/2024,100g,13x9x0.7 inch
339,SIM Y,339,250$,60,Supplier I,1 year,6/8/2022,1/20/2025,300g,13x9x0.7 inch
340,SIM Y,340,60$,100,Supplier I,1 year,7/27/2022,3/26/2025,2kg,2x2x0.5 inch
341,Laptop C,341,505$,60,Supplier L,3 years,9/15/2022,1/5/2025,500g,2x2x0.5 inch
342,Watch G,342,10$,80,Supplier L,12 months,6/26/2022,9/27/2024,1.5kg,2x2x0.5 inch
343,Smartphone A,343,212$,90,Supplier K,12 months,10/9/2022,12/10/2024,650g,8x5x0.5 inch
344,Laptop C,344,212$,60,Supplier C,18 months,11/10/2022,11/5/2024,2.3kg,2x2x0.5 inch
345,Watch G,345,250$,150,Supplier O,12 months,6/13/2022,7/4/2024,500g,5x2x0.3 inch
346,PC D,346,29$,80,Supplier X,6 months,1/17/2022,8/28/2024,100g,8x5x0.5 inch
347,SIM Y,347,505$,30,Supplier N,18 months,8/3/2022,2/3/2025,1.5kg,13x9x0.7 inch
348,Laptop C,348,212$,30,Supplier G,18 months,8/21/2022,7/15/2024,1.5kg,5x2x0.3 inch
349,Tablet B,349,310$,90,Supplier E,18 months,4/3/2022,6/26/2024,500g,5x2x0.3 inch
350,Smartwatch Z,350,100$,90,Supplier A,2 years,7/6/2022,4/28/2025,500g,13x9x0.7 inch
351,Smartphone A,351,212$,90,Supplier H,12 months,8/10/2022,4/23/2025,100g,8x5x0.5 inch
352,PC D,352,310$,200,Supplier I,18 months,11/10/2022,1/17/2025,300g,2x2x0.5 inch
353,Headphones E,353,29$,70,Supplier B,1 year,1/27/2022,12/20/2024,2kg,2x2x0.5 inch
354,Watch G,354,39$,100,Supplier H,12 months,4/8/2022,5/10/2025,650g,5x2x0.3 inch
355,SIM Y,355,310$,100,Supplier Y,1 year,6/18/2022,5/26/2025,300g,8x5x0.5 inch
356,Accessory F,356,44$,50,Supplier B,3 years,5/15/2022,6/2/2025,200g,5x2x0.3 inch
357,SIM Y,357,423$,70,Supplier N,12 months,11/10/2022,8/1/2024,2kg,8x5x0.5 inch
358,Watch G,358,60$,60,Supplier O,6 months,5/3/2022,5/17/2024,650g,13x9x0.7 inch
359,Headphones E,359,52$,200,Supplier F,18 months,11/19/2022,3/18/2025,650g,13x9x0.7 inch
360,PC D,360,10$,200,Supplier I,6 months,11/16/2022,6/3/2025,1.5kg,6x5x2 inch
361,PC D,361,39$,200,Supplier B,6 months,7/14/2022,6/5/2025,2.3kg,8x5x0.5 inch
362,Accessory F,362,70$,70,Supplier K,12 months,1/17/2022,9/8/2024,100g,6x5x2 inch
363,Smartwatch Z,363,100$,100,Supplier Y,3 years,6/19/2022,2/22/2025,1.5kg,8x5x0.5 inch
364,Headphones E,364,212$,200,Supplier I,3 years,10/3/2022,11/10/2024,2kg,13x9x0.7 inch
365,Smartwatch Z,365,60$,70,Supplier N,1 year,10/9/2022,12/9/2024,2.3kg,5x2x0.3 inch
366,Smartwatch Z,366,29$,70,Supplier Z,18 months,11/17/2022,8/20/2024,500g,5x2x0.3 inch
367,Smartwatch Z,367,10$,50,Supplier Y,6 months,6/19/2022,4/15/2025,500g,13x9x0.7 inch
368,Smartwatch Z,368,29$,40,Supplier L,1 year,6/13/2022,9/15/2024,1.5kg,6x5x2 inch
369,PC D,369,423$,40,Supplier D,2 years,2/19/2022,4/18/2025,100g,6x5x2 inch
370,Printer H,370,100$,100,Supplier A,1 year,9/19/2022,11/21/2024,2.3kg,13x9x0.7 inch
371,PC D,371,70$,30,Supplier M,1 year,3/12/2022,5/24/2025,100g,13x9x0.7 inch
372,SIM Y,372,212$,50,Supplier K,1 year,2/20/2022,8/10/2024,650g,8x5x0.5 inch
373,Watch G,373,44$,200,Supplier O,12 months,10/14/2022,10/23/2024,650g,5x2x0.3 inch
374,SIM Y,374,10$,90,Supplier A,6 months,10/24/2022,3/29/2025,200g,13x9x0.7 inch
375,Accessory F,375,99$,200,Supplier I,18 months,1/21/2022,5/24/2025,650g,2x2x0.5 inch
376,Laptop C,376,39$,90,Supplier L,1 year,4/8/2022,8/9/2024,100g,5x2x0.3 inch
377,Watch G,377,100$,40,Supplier N,18 months,4/11/2022,2/16/2025,300g,5x2x0.3 inch
378,SIM Y,378,56$,40,Supplier C,12 months,8/3/2022,5/30/2024,500g,13x9x0.7 inch
379,Accessory F,379,505$,40,Supplier G,1 year,9/28/2022,4/11/2025,200g,13x9x0.7 inch
380,Smartphone A,380,310$,250,Supplier Y,18 months,11/3/2022,2/13/2025,2kg,5x2x0.3 inch
381,Smartphone A,381,39$,90,Supplier C,3 years,4/28/2022,9/4/2024,300g,13x9x0.7 inch
382,PC D,382,60$,40,Supplier B,3 years,9/10/2022,2/17/2025,2kg,13x9x0.7 inch
383,Tablet B,383,29$,90,Supplier H,18 months,8/25/2022,5/10/2025,2kg,6x5x2 inch
384,Accessory F,384,44$,70,Supplier B,6 months,11/11/2022,6/11/2025,100g,5x2x0.3 inch
385,Tablet B,385,310$,80,Supplier O,3 years,8/18/2022,11/24/2024,200g,13x9x0.7 inch
386,Printer H,386,56$,90,Supplier I,2 years,1/14/2022,10/27/2024,100g,8x5x0.5 inch
387,Accessory F,387,29$,60,Supplier L,1 year,7/6/2022,2/18/2025,500g,8x5x0.5 inch
388,Watch G,388,212$,100,Supplier I,1 year,3/12/2022,11/2/2024,2kg,5x2x0.3 inch
389,Headphones E,389,212$,70,Supplier X,12 months,5/8/2022,3/8/2025,650g,5x2x0.3 inch
390,Watch G,390,310$,70,Supplier I,6 months,10/25/2022,6/1/2025,2.3kg,13x9x0.7 inch
391,Smartphone A,391,56$,80,Supplier X,6 months,5/1/2022,8/15/2024,500g,8x5x0.5 inch
392,Tablet B,392,100$,150,Supplier D,18 months,5/8/2022,5/14/2025,650g,2x2x0.5 inch
393,Headphones E,393,99$,70,Supplier H,18 months,11/2/2022,7/24/2024,2.3kg,6x5x2 inch
394,Watch G,394,39$,100,Supplier M,12 months,2/10/2022,9/24/2024,200g,8x5x0.5 inch
395,Accessory F,395,56$,70,Supplier F,18 months,7/9/2022,1/10/2025,300g,2x2x0.5 inch
396,Laptop C,396,39$,30,Supplier O,1 year,9/25/2022,5/28/2025,1.5kg,8x5x0.5 inch
397,Tablet B,397,56$,90,Supplier O,2 years,6/24/2022,10/8/2024,300g,2x2x0.5 inch
398,Accessory F,398,10$,60,Supplier O,6 months,5/30/2022,12/24/2024,100g,8x5x0.5 inch
399,Laptop C,399,44$,40,Supplier N,6 months,9/19/2022,1/1/2025,500g,5x2x0.3 inch
400,Laptop C,400,39$,50,Supplier H,3 years,6/13/2022,11/10/2024,1.5kg,6x5x2 inch
401,Printer H,401,44$,30,Supplier M,2 years,1/26/2022,9/22/2024,100g,13x9x0.7 inch
402,Accessory F,402,250$,70,Supplier I,3 years,10/29/2022,5/20/2025,2.3kg,8x5x0.5 inch
403,Headphones E,403,505$,250,Supplier Z,1 year,12/2/2022,9/22/2024,1.5kg,2x2x0.5 inch
404,Accessory F,404,212$,30,Supplier Y,2 years,3/18/2022,3/31/2025,500g,13x9x0.7 inch
405,Headphones E,405,423$,90,Supplier B,18 months,7/12/2022,10/28/2024,100g,13x9x0.7 inch
406,Tablet B,406,10$,100,Supplier O,18 months,9/13/2022,8/9/2024,500g,13x9x0.7 inch
407,Headphones E,407,44$,200,Supplier M,6 months,12/4/2022,10/16/2024,100g,5x2x0.3 inch
408,Tablet B,408,56$,40,Supplier L,6 months,8/27/2022,11/21/2024,300g,8x5x0.5 inch
409,Tablet B,409,44$,200,Supplier N,12 months,5/13/2022,8/11/2024,100g,2x2x0.5 inch
410,Watch G,410,10$,250,Supplier B,12 months,6/28/2022,10/19/2024,2.3kg,13x9x0.7 inch
411,Watch G,411,52$,150,Supplier Y,3 years,10/24/2022,6/1/2024,500g,2x2x0.5 inch
412,Headphones E,412,39$,80,Supplier N,12 months,12/1/2022,6/12/2025,300g,8x5x0.5 inch
413,Printer H,413,70$,90,Supplier Y,18 months,7/22/2022,11/3/2024,650g,5x2x0.3 inch
414,Tablet B,414,505$,60,Supplier C,18 months,11/29/2022,11/15/2024,100g,8x5x0.5 inch
415,SIM Y,415,250$,30,Supplier D,1 year,8/18/2022,5/19/2024,300g,8x5x0.5 inch
416,Smartwatch Z,416,250$,30,Supplier O,12 months,9/23/2022,11/27/2024,300g,6x5x2 inch
417,PC D,417,310$,80,Supplier G,1 year,2/18/2022,1/14/2025,1.5kg,13x9x0.7 inch
418,Smartphone A,418,60$,70,Supplier A,18 months,2/17/2022,10/9/2024,100g,13x9x0.7 inch
419,Smartphone A,419,99$,200,Supplier X,1 year,5/13/2022,6/10/2025,2.3kg,5x2x0.3 inch
420,Tablet B,420,99$,100,Supplier K,2 years,12/2/2022,7/17/2024,300g,5x2x0.3 inch
421,Printer H,421,250$,90,Supplier Z,1 year,8/29/2022,4/10/2025,500g,13x9x0.7 inch
422,Smartwatch Z,422,212$,60,Supplier N,12 months,8/19/2022,4/17/2025,2.3kg,2x2x0.5 inch
423,Smartphone A,423,423$,50,Supplier C,3 years,7/24/2022,5/16/2024,200g,5x2x0.3 inch
424,PC D,424,100$,80,Supplier A,3 years,4/24/2022,12/30/2024,500g,2x2x0.5 inch
425,SIM Y,425,39$,200,Supplier O,6 months,1/18/2022,8/18/2024,300g,6x5x2 inch
426,SIM Y,426,56$,90,Supplier F,6 months,11/4/2022,12/11/2024,2kg,8x5x0.5 inch
427,Laptop C,427,10$,80,Supplier G,2 years,3/15/2022,7/20/2024,300g,6x5x2 inch
428,Tablet B,428,423$,250,Supplier I,3 years,6/3/2022,8/6/2024,2.3kg,6x5x2 inch
429,SIM Y,429,52$,100,Supplier H,3 years,2/6/2022,9/25/2024,2kg,13x9x0.7 inch
430,Smartwatch Z,430,100$,70,Supplier L,1 year,6/29/2022,8/23/2024,200g,2x2x0.5 inch
431,Smartwatch Z,431,56$,100,Supplier O,2 years,8/1/2022,12/4/2024,2.3kg,8x5x0.5 inch
432,Watch G,432,99$,80,Supplier G,3 years,6/28/2022,10/25/2024,500g,13x9x0.7 inch
433,Accessory F,433,100$,60,Supplier G,12 months,12/3/2022,4/10/2025,300g,6x5x2 inch
434,Watch G,434,99$,250,Supplier D,3 years,7/1/2022,4/8/2025,300g,8x5x0.5 inch
435,Smartphone A,435,70$,30,Supplier Y,6 months,12/9/2022,2/12/2025,300g,2x2x0.5 inch
436,Smartphone A,436,39$,70,Supplier X,6 months,8/28/2022,6/19/2024,200g,8x5x0.5 inch
437,SIM Y,437,310$,70,Supplier Y,18 months,3/25/2022,12/29/2024,300g,2x2x0.5 inch
438,Headphones E,438,39$,50,Supplier N,3 years,3/24/2022,8/29/2024,2kg,2x2x0.5 inch
439,Accessory F,439,423$,80,Supplier K,6 months,11/18/2022,5/26/2025,100g,8x5x0.5 inch
440,SIM Y,440,505$,250,Supplier B,1 year,5/17/2022,11/12/2024,300g,8x5x0.5 inch
441,Tablet B,441,99$,30,Supplier E,3 years,1/28/2022,6/9/2024,650g,13x9x0.7 inch
442,Smartphone A,442,250$,150,Supplier F,1 year,1/15/2022,11/26/2024,650g,13x9x0.7 inch
443,SIM Y,443,99$,250,Supplier Z,12 months,7/18/2022,1/14/2025,500g,5x2x0.3 inch
444,SIM Y,444,60$,250,Supplier L,6 months,11/26/2022,8/11/2024,650g,8x5x0.5 inch
445,PC D,445,52$,40,Supplier Z,3 years,3/9/2022,6/3/2025,300g,5x2x0.3 inch
446,SIM Y,446,250$,250,Supplier O,1 year,4/11/2022,12/16/2024,300g,13x9x0.7 inch
447,Printer H,447,70$,30,Supplier L,6 months,11/24/2022,5/7/2025,2.3kg,6x5x2 inch
448,Headphones E,448,310$,50,Supplier X,12 months,10/30/2022,9/8/2024,2.3kg,5x2x0.3 inch
449,PC D,449,70$,60,Supplier C,1 year,5/29/2022,7/11/2024,300g,2x2x0.5 inch
450,Accessory F,450,39$,40,Supplier C,3 years,6/5/2022,12/22/2024,200g,13x9x0.7 inch
451,Tablet B,451,100$,40,Supplier E,18 months,5/20/2022,4/1/2025,2.3kg,8x5x0.5 inch
452,Headphones E,452,212$,90,Supplier K,1 year,12/9/2022,5/25/2024,200g,6x5x2 inch
453,Watch G,453,100$,90,Supplier E,12 months,4/18/2022,5/31/2024,300g,13x9x0.7 inch
454,Headphones E,454,100$,40,Supplier G,18 months,8/27/2022,11/10/2024,100g,13x9x0.7 inch
455,Accessory F,455,505$,90,Supplier E,3 years,10/8/2022,1/2/2025,100g,8x5x0.5 inch
456,Laptop C,456,39$,40,Supplier Z,12 months,5/31/2022,10/23/2024,300g,13x9x0.7 inch
457,Headphones E,457,52$,70,Supplier X,3 years,3/3/2022,6/24/2024,100g,2x2x0.5 inch
458,Laptop C,458,423$,200,Supplier M,18 months,11/8/2022,9/18/2024,2kg,5x2x0.3 inch
459,Headphones E,459,44$,80,Supplier B,12 months,8/9/2022,4/13/2025,300g,13x9x0.7 inch
460,PC D,460,531$,80,Supplier Z,2 years,4/13/2022,6/1/2024,2kg,5x2x0.3 inch
461,Watch G,461,60$,60,Supplier G,18 months,8/27/2022,11/10/2024,650g,2x2x0.5 inch
462,Laptop C,462,531$,30,Supplier O,1 year,4/20/2022,11/7/2024,1.5kg,8x5x0.5 inch
463,Smartphone A,463,250$,90,Supplier O,12 months,6/14/2022,7/2/2024,1.5kg,8x5x0.5 inch
464,Smartphone A,464,56$,80,Supplier K,2 years,6/10/2022,11/18/2024,300g,6x5x2 inch
465,Laptop C,465,52$,200,Supplier F,3 years,9/13/2022,9/13/2024,500g,6x5x2 inch
466,Smartwatch Z,466,70$,100,Supplier Y,12 months,8/21/2022,7/28/2024,300g,13x9x0.7 inch
467,PC D,467,99$,250,Supplier A,2 years,10/19/2022,12/31/2024,100g,13x9x0.7 inch
468,Smartwatch Z,468,10$,150,Supplier L,6 months,3/14/2022,12/13/2024,100g,13x9x0.7 inch
469,SIM Y,469,212$,250,Supplier K,6 months,6/9/2022,11/25/2024,650g,6x5x2 inch
470,Laptop C,470,531$,60,Supplier X,12 months,4/21/2022,7/14/2024,200g,2x2x0.5 inch
471,PC D,471,423$,80,Supplier E,3 years,9/30/2022,11/10/2024,100g,8x5x0.5 inch
472,Smartphone A,472,52$,150,Supplier D,18 months,2/18/2022,1/28/2025,2kg,13x9x0.7 inch
473,Tablet B,473,70$,150,Supplier M,18 months,2/18/2022,8/14/2024,2.3kg,13x9x0.7 inch
474,PC D,474,60$,200,Supplier C,3 years,11/29/2022,7/10/2024,650g,2x2x0.5 inch
475,SIM Y,475,505$,30,Supplier Y,18 months,3/18/2022,11/16/2024,300g,13x9x0.7 inch
476,Tablet B,476,99$,60,Supplier O,3 years,7/17/2022,12/26/2024,200g,2x2x0.5 inch
477,SIM Y,477,44$,30,Supplier O,3 years,10/28/2022,1/30/2025,650g,8x5x0.5 inch
478,Smartphone A,478,310$,250,Supplier D,1 year,1/21/2022,12/6/2024,2.3kg,6x5x2 inch
479,Smartwatch Z,479,531$,200,Supplier O,3 years,1/17/2022,12/11/2024,2.3kg,2x2x0.5 inch
480,Tablet B,480,505$,250,Supplier Y,2 years,2/28/2022,1/12/2025,500g,5x2x0.3 inch
481,Laptop C,481,505$,80,Supplier G,12 months,11/13/2022,5/25/2025,2.3kg,6x5x2 inch
482,Printer H,482,56$,30,Supplier K,18 months,7/24/2022,7/19/2024,2kg,8x5x0.5 inch
483,Watch G,483,212$,60,Supplier C,1 year,8/5/2022,1/26/2025,300g,2x2x0.5 inch
484,Smartphone A,484,505$,150,Supplier A,6 months,7/15/2022,2/3/2025,300g,13x9x0.7 inch
485,Printer H,485,100$,200,Supplier M,6 months,11/30/2022,4/9/2025,300g,2x2x0.5 inch
486,Accessory F,486,10$,60,Supplier K,12 months,7/3/2022,5/13/2024,2kg,8x5x0.5 inch
487,Smartwatch Z,487,29$,90,Supplier A,3 years,12/6/2022,9/13/2024,300g,6x5x2 inch
488,Laptop C,488,423$,150,Supplier F,18 months,12/8/2022,9/12/2024,500g,6x5x2 inch
489,Smartphone A,489,100$,90,Supplier D,1 year,6/28/2022,5/11/2024,300g,8x5x0.5 inch
490,Smartwatch Z,490,70$,100,Supplier C,18 months,3/27/2022,10/14/2024,650g,13x9x0.7 inch
491,Laptop C,491,44$,60,Supplier M,18 months,7/31/2022,10/1/2024,500g,8x5x0.5 inch
492,PC D,492,52$,200,Supplier H,2 years,2/24/2022,2/11/2025,1.5kg,2x2x0.5 inch
493,Accessory F,493,70$,150,Supplier Y,6 months,2/19/2022,5/4/2025,200g,6x5x2 inch
494,Accessory F,494,423$,100,Supplier B,18 months,9/4/2022,8/5/2024,2.3kg,5x2x0.3 inch
495,Laptop C,495,100$,200,Supplier Z,3 years,4/20/2022,3/28/2025,2.3kg,2x2x0.5 inch
496,Accessory F,496,56$,200,Supplier F,18 months,5/3/2022,9/21/2024,300g,13x9x0.7 inch
497,Watch G,497,99$,250,Supplier I,1 year,8/20/2022,3/13/2025,2.3kg,2x2x0.5 inch
498,Laptop C,498,423$,100,Supplier Y,2 years,7/22/2022,5/13/2025,300g,8x5x0.5 inch
499,PC D,499,52$,70,Supplier H,1 year,4/29/2022,6/17/2024,300g,6x5x2 inch
500,Laptop C,500,310$,70,Supplier A,12 months,8/19/2022,8/10/2024,300g,2x2x0.5 inch
501,Accessory F,501,56$,250,Supplier L,1 year,9/22/2022,10/4/2024,200g,2x2x0.5 inch
502,PC D,502,29$,80,Supplier F,12 months,9/4/2022,6/13/2025,2.3kg,13x9x0.7 inch
503,Headphones E,503,60$,70,Supplier O,6 months,10/9/2022,3/21/2025,300g,8x5x0.5 inch
504,PC D,504,60$,200,Supplier Z,3 years,9/7/2022,9/10/2024,300g,6x5x2 inch
505,Watch G,505,100$,200,Supplier N,6 months,11/21/2022,10/28/2024,1.5kg,8x5x0.5 inch
506,PC D,506,250$,40,Supplier H,6 months,10/10/2022,4/9/2025,100g,6x5x2 inch
507,Tablet B,507,60$,200,Supplier H,3 years,3/23/2022,11/25/2024,1.5kg,6x5x2 inch
508,PC D,508,310$,40,Supplier D,3 years,10/18/2022,6/6/2024,300g,8x5x0.5 inch
509,Printer H,509,531$,90,Supplier E,18 months,8/21/2022,2/21/2025,1.5kg,5x2x0.3 inch
510,Smartphone A,510,29$,50,Supplier C,2 years,12/4/2022,5/27/2024,2kg,2x2x0.5 inch
511,Laptop C,511,52$,90,Supplier E,6 months,9/4/2022,7/4/2024,300g,13x9x0.7 inch
512,PC D,512,52$,50,Supplier N,12 months,6/4/2022,4/14/2025,1.5kg,6x5x2 inch
513,Printer H,513,100$,30,Supplier M,1 year,6/2/2022,12/25/2024,100g,8x5x0.5 inch
514,Tablet B,514,52$,70,Supplier Z,12 months,12/10/2022,4/14/2025,300g,2x2x0.5 inch
515,Smartwatch Z,515,60$,150,Supplier Z,2 years,2/12/2022,7/15/2024,650g,5x2x0.3 inch
516,Tablet B,516,212$,150,Supplier M,1 year,3/27/2022,5/3/2025,2.3kg,6x5x2 inch
517,Watch G,517,212$,100,Supplier X,2 years,3/9/2022,3/15/2025,100g,8x5x0.5 inch
518,Printer H,518,423$,50,Supplier E,12 months,12/10/2022,11/20/2024,500g,6x5x2 inch
519,Smartwatch Z,519,29$,30,Supplier C,18 months,3/20/2022,5/10/2025,100g,2x2x0.5 inch
520,Laptop C,520,212$,40,Supplier O,1 year,8/6/2022,3/6/2025,650g,8x5x0.5 inch
521,SIM Y,521,39$,60,Supplier A,2 years,3/23/2022,4/21/2025,650g,8x5x0.5 inch
522,Tablet B,522,505$,70,Supplier D,2 years,5/1/2022,7/9/2024,650g,2x2x0.5 inch
523,SIM Y,523,10$,50,Supplier A,2 years,7/20/2022,7/29/2024,2.3kg,13x9x0.7 inch
524,Accessory F,524,310$,250,Supplier C,12 months,3/16/2022,10/20/2024,650g,2x2x0.5 inch
525,PC D,525,52$,200,Supplier I,1 year,9/14/2022,3/22/2025,2.3kg,8x5x0.5 inch
526,Watch G,526,70$,150,Supplier N,12 months,8/12/2022,2/17/2025,2.3kg,13x9x0.7 inch
527,Laptop C,527,56$,250,Supplier B,2 years,8/12/2022,12/3/2024,300g,5x2x0.3 inch
528,Smartwatch Z,528,99$,70,Supplier F,2 years,5/30/2022,4/3/2025,300g,6x5x2 inch
529,Accessory F,529,531$,100,Supplier B,2 years,2/13/2022,7/26/2024,2kg,6x5x2 inch
530,Watch G,530,70$,60,Supplier C,1 year,7/17/2022,3/17/2025,1.5kg,5x2x0.3 inch
531,Accessory F,531,60$,150,Supplier F,6 months,9/28/2022,9/29/2024,1.5kg,5x2x0.3 inch
532,Smartwatch Z,532,531$,90,Supplier F,1 year,4/8/2022,12/29/2024,300g,2x2x0.5 inch
533,Smartphone A,533,505$,60,Supplier D,3 years,2/8/2022,12/21/2024,100g,5x2x0.3 inch
534,PC D,534,99$,40,Supplier I,18 months,3/23/2022,1/23/2025,1.5kg,8x5x0.5 inch
535,SIM Y,535,70$,80,Supplier B,18 months,4/15/2022,3/28/2025,200g,13x9x0.7 inch
536,Printer H,536,70$,30,Supplier Y,1 year,6/13/2022,4/2/2025,100g,13x9x0.7 inch
537,Accessory F,537,212$,100,Supplier F,1 year,5/25/2022,4/27/2025,2.3kg,2x2x0.5 inch
538,Smartwatch Z,538,10$,70,Supplier O,6 months,5/17/2022,3/16/2025,2kg,13x9x0.7 inch
539,Printer H,539,505$,60,Supplier H,12 months,5/30/2022,12/7/2024,1.5kg,2x2x0.5 inch
540,PC D,540,70$,150,Supplier M,3 years,10/30/2022,2/4/2025,2.3kg,6x5x2 inch
541,Accessory F,541,56$,30,Supplier C,12 months,2/26/2022,1/9/2025,200g,2x2x0.5 inch
542,Smartwatch Z,542,39$,40,Supplier B,12 months,3/24/2022,9/17/2024,1.5kg,2x2x0.5 inch
543,Smartwatch Z,543,423$,50,Supplier M,2 years,9/9/2022,4/28/2025,2kg,6x5x2 inch
544,Watch G,544,531$,40,Supplier N,1 year,11/19/2022,4/2/2025,2.3kg,6x5x2 inch
545,Smartwatch Z,545,70$,70,Supplier K,6 months,9/3/2022,2/3/2025,200g,8x5x0.5 inch
546,Watch G,546,44$,100,Supplier K,1 year,11/26/2022,11/11/2024,100g,2x2x0.5 inch
547,Headphones E,547,310$,50,Supplier D,6 months,7/28/2022,6/9/2024,300g,2x2x0.5 inch
548,Laptop C,548,531$,100,Supplier X,6 months,11/10/2022,1/4/2025,200g,8x5x0.5 inch
549,PC D,549,44$,70,Supplier N,6 months,12/10/2022,9/3/2024,200g,5x2x0.3 inch
550,Headphones E,550,56$,90,Supplier C,2 years,11/2/2022,12/22/2024,200g,13x9x0.7 inch
551,Smartphone A,551,250$,50,Supplier O,6 months,5/13/2022,8/11/2024,1.5kg,5x2x0.3 inch
552,Laptop C,552,39$,200,Supplier Z,18 months,5/13/2022,4/18/2025,650g,13x9x0.7 inch
553,PC D,553,10$,40,Supplier B,18 months,6/22/2022,12/9/2024,300g,5x2x0.3 inch
554,PC D,554,531$,60,Supplier G,6 months,4/10/2022,4/5/2025,650g,2x2x0.5 inch
555,Printer H,555,310$,80,Supplier N,3 years,12/5/2022,7/14/2024,2.3kg,13x9x0.7 inch
556,Watch G,556,100$,100,Supplier X,6 months,5/3/2022,8/19/2024,300g,6x5x2 inch
557,Smartwatch Z,557,29$,250,Supplier M,2 years,10/18/2022,7/12/2024,500g,2x2x0.5 inch
558,Laptop C,558,99$,40,Supplier O,2 years,7/13/2022,1/21/2025,100g,5x2x0.3 inch
559,PC D,559,56$,90,Supplier D,12 months,5/28/2022,2/24/2025,300g,8x5x0.5 inch
560,Watch G,560,505$,100,Supplier Y,1 year,1/24/2022,2/1/2025,2.3kg,6x5x2 inch
561,Smartwatch Z,561,56$,60,Supplier A,1 year,6/9/2022,11/7/2024,100g,6x5x2 inch
562,Tablet B,562,56$,100,Supplier Z,18 months,3/18/2022,10/24/2024,2.3kg,6x5x2 inch
563,Watch G,563,70$,70,Supplier Z,2 years,9/12/2022,5/27/2025,100g,13x9x0.7 inch
564,Accessory F,564,100$,250,Supplier E,12 months,4/26/2022,4/23/2025,2kg,5x2x0.3 inch
565,Accessory F,565,100$,40,Supplier G,3 years,5/31/2022,1/25/2025,1.5kg,2x2x0.5 inch
566,Laptop C,566,100$,100,Supplier O,18 months,11/12/2022,8/3/2024,500g,2x2x0.5 inch
567,Smartwatch Z,567,52$,70,Supplier G,1 year,7/3/2022,11/21/2024,200g,13x9x0.7 inch
568,SIM Y,568,44$,150,Supplier I,18 months,6/3/2022,10/8/2024,1.5kg,5x2x0.3 inch
569,PC D,569,99$,100,Supplier M,2 years,2/8/2022,1/10/2025,650g,5x2x0.3 inch
570,SIM Y,570,52$,150,Supplier G,12 months,4/11/2022,5/30/2024,500g,13x9x0.7 inch
571,Watch G,571,39$,100,Supplier O,6 months,8/18/2022,4/23/2025,300g,5x2x0.3 inch
572,Tablet B,572,250$,70,Supplier E,18 months,7/8/2022,2/27/2025,300g,8x5x0.5 inch
573,Accessory F,573,310$,70,Supplier F,6 months,3/17/2022,11/25/2024,300g,13x9x0.7 inch
574,Printer H,574,531$,90,Supplier C,12 months,7/7/2022,5/14/2025,200g,8x5x0.5 inch
575,Tablet B,575,423$,40,Supplier Z,1 year,12/13/2022,6/30/2024,100g,2x2x0.5 inch
576,Headphones E,576,10$,40,Supplier K,2 years,7/26/2022,7/2/2024,500g,5x2x0.3 inch
577,Watch G,577,44$,80,Supplier G,1 year,11/10/2022,6/1/2025,1.5kg,5x2x0.3 inch
578,PC D,578,310$,80,Supplier M,6 months,4/4/2022,5/3/2025,650g,13x9x0.7 inch
579,Tablet B,579,10$,150,Supplier K,3 years,5/8/2022,6/23/2024,300g,13x9x0.7 inch
580,Tablet B,580,60$,150,Supplier K,2 years,10/28/2022,2/2/2025,200g,13x9x0.7 inch
581,Headphones E,581,100$,30,Supplier I,12 months,2/20/2022,7/13/2024,100g,6x5x2 inch
582,PC D,582,60$,100,Supplier D,6 months,10/20/2022,5/26/2024,1.5kg,13x9x0.7 inch
583,Laptop C,583,423$,50,Supplier Y,3 years,4/23/2022,4/20/2025,500g,5x2x0.3 inch
584,Headphones E,584,29$,100,Supplier F,1 year,8/3/2022,2/13/2025,100g,6x5x2 inch
585,Printer H,585,505$,80,Supplier B,12 months,4/11/2022,5/27/2025,200g,6x5x2 inch
586,Accessory F,586,250$,40,Supplier N,2 years,6/27/2022,9/22/2024,300g,5x2x0.3 inch
587,Watch G,587,10$,250,Supplier Z,3 years,6/30/2022,5/21/2025,300g,2x2x0.5 inch
588,Watch G,588,99$,90,Supplier Y,6 months,8/12/2022,2/12/2025,300g,2x2x0.5 inch
589,Accessory F,589,60$,200,Supplier N,6 months,6/11/2022,1/7/2025,300g,2x2x0.5 inch
590,Printer H,590,29$,90,Supplier I,12 months,5/5/2022,5/10/2025,1.5kg,8x5x0.5 inch
591,PC D,591,531$,50,Supplier N,3 years,9/1/2022,8/26/2024,650g,2x2x0.5 inch
592,Smartwatch Z,592,70$,100,Supplier O,3 years,11/26/2022,5/13/2024,100g,2x2x0.5 inch
593,SIM Y,593,505$,40,Supplier B,6 months,7/5/2022,6/6/2025,650g,2x2x0.5 inch
594,Watch G,594,212$,40,Supplier E,18 months,9/23/2022,9/25/2024,300g,2x2x0.5 inch
595,Smartphone A,595,70$,50,Supplier H,6 months,4/10/2022,1/21/2025,200g,5x2x0.3 inch
596,SIM Y,596,99$,40,Supplier H,18 months,7/25/2022,8/18/2024,300g,6x5x2 inch
597,PC D,597,52$,50,Supplier M,1 year,5/10/2022,3/17/2025,300g,6x5x2 inch
598,Printer H,598,56$,60,Supplier L,6 months,5/21/2022,2/6/2025,500g,8x5x0.5 inch
599,Laptop C,599,10$,150,Supplier M,2 years,6/22/2022,3/13/2025,2.3kg,6x5x2 inch
600,Printer H,600,70$,30,Supplier Z,12 months,9/24/2022,5/12/2024,100g,8x5x0.5 inch
601,Smartphone A,601,44$,50,Supplier E,12 months,3/20/2022,12/3/2024,2kg,13x9x0.7 inch
602,Smartphone A,602,310$,90,Supplier I,6 months,11/23/2022,11/10/2024,2kg,8x5x0.5 inch
603,Accessory F,603,29$,90,Supplier H,2 years,2/11/2022,9/28/2024,300g,5x2x0.3 inch
604,SIM Y,604,99$,60,Supplier C,3 years,12/3/2022,12/3/2024,200g,5x2x0.3 inch
605,Laptop C,605,423$,250,Supplier H,3 years,10/24/2022,6/1/2024,2kg,8x5x0.5 inch
606,Laptop C,606,99$,90,Supplier M,1 year,3/3/2022,1/19/2025,300g,6x5x2 inch
607,Watch G,607,44$,30,Supplier L,12 months,3/15/2022,8/19/2024,2kg,13x9x0.7 inch
608,Headphones E,608,423$,50,Supplier O,1 year,7/17/2022,5/24/2024,200g,5x2x0.3 inch
609,Watch G,609,99$,80,Supplier H,12 months,3/15/2022,1/6/2025,300g,13x9x0.7 inch
610,PC D,610,60$,50,Supplier F,1 year,1/24/2022,12/2/2024,300g,2x2x0.5 inch
611,PC D,611,44$,100,Supplier O,6 months,4/6/2022,3/22/2025,500g,8x5x0.5 inch
612,SIM Y,612,70$,90,Supplier K,12 months,8/25/2022,1/20/2025,2kg,13x9x0.7 inch
613,Watch G,613,52$,100,Supplier M,12 months,7/12/2022,9/15/2024,500g,5x2x0.3 inch
614,Smartwatch Z,614,99$,100,Supplier C,12 months,8/30/2022,9/4/2024,300g,6x5x2 inch
615,Watch G,615,29$,90,Supplier L,1 year,4/16/2022,3/16/2025,650g,2x2x0.5 inch
616,Smartphone A,616,56$,50,Supplier E,18 months,4/25/2022,11/30/2024,1.5kg,8x5x0.5 inch
617,Printer H,617,100$,200,Supplier F,6 months,10/25/2022,9/6/2024,500g,5x2x0.3 inch
618,Accessory F,618,531$,250,Supplier K,2 years,2/13/2022,6/20/2024,2kg,8x5x0.5 inch
619,Watch G,619,60$,250,Supplier I,2 years,6/12/2022,7/5/2024,1.5kg,8x5x0.5 inch
620,SIM Y,620,423$,150,Supplier D,2 years,11/18/2022,1/5/2025,1.5kg,2x2x0.5 inch
621,Printer H,621,39$,100,Supplier M,12 months,10/2/2022,6/28/2024,1.5kg,6x5x2 inch
622,Watch G,622,44$,70,Supplier A,18 months,2/19/2022,8/14/2024,500g,5x2x0.3 inch
623,Laptop C,623,310$,30,Supplier O,1 year,6/27/2022,8/5/2024,1.5kg,2x2x0.5 inch
624,Printer H,624,99$,100,Supplier A,3 years,9/15/2022,12/8/2024,2kg,5x2x0.3 inch
625,Printer H,625,52$,250,Supplier F,1 year,3/26/2022,12/14/2024,500g,6x5x2 inch
626,PC D,626,29$,60,Supplier H,6 months,6/16/2022,6/14/2024,2.3kg,5x2x0.3 inch
627,Smartwatch Z,627,250$,40,Supplier H,1 year,9/23/2022,6/20/2024,650g,6x5x2 inch
628,Accessory F,628,99$,80,Supplier O,2 years,4/6/2022,2/8/2025,650g,13x9x0.7 inch
629,Watch G,629,56$,40,Supplier I,1 year,6/18/2022,12/25/2024,2.3kg,5x2x0.3 inch
630,Tablet B,630,52$,100,Supplier E,12 months,9/29/2022,10/4/2024,1.5kg,2x2x0.5 inch
631,SIM Y,631,310$,150,Supplier M,1 year,7/4/2022,10/9/2024,500g,5x2x0.3 inch
632,PC D,632,56$,200,Supplier E,6 months,3/8/2022,12/10/2024,650g,5x2x0.3 inch
633,Laptop C,633,212$,50,Supplier I,3 years,2/6/2022,9/20/2024,300g,8x5x0.5 inch
634,PC D,634,52$,40,Supplier A,3 years,7/6/2022,5/30/2025,200g,8x5x0.5 inch
635,SIM Y,635,99$,90,Supplier N,3 years,6/15/2022,11/7/2024,300g,6x5x2 inch
636,Tablet B,636,60$,60,Supplier L,12 months,6/28/2022,7/1/2024,200g,6x5x2 inch
637,SIM Y,637,10$,100,Supplier Z,1 year,3/1/2022,12/20/2024,2.3kg,6x5x2 inch
638,Printer H,638,531$,100,Supplier B,12 months,11/9/2022,8/12/2024,1.5kg,5x2x0.3 inch
639,Tablet B,639,531$,80,Supplier M,18 months,4/27/2022,3/17/2025,1.5kg,2x2x0.5 inch
640,Smartwatch Z,640,423$,100,Supplier G,18 months,2/25/2022,5/16/2025,200g,5x2x0.3 inch
641,Accessory F,641,100$,70,Supplier I,1 year,12/8/2022,5/16/2024,500g,13x9x0.7 inch
642,Tablet B,642,60$,250,Supplier G,12 months,4/11/2022,2/25/2025,100g,2x2x0.5 inch
643,Smartphone A,643,99$,40,Supplier H,1 year,2/4/2022,3/7/2025,2kg,2x2x0.5 inch
644,Tablet B,644,10$,40,Supplier B,18 months,7/28/2022,5/15/2025,2.3kg,2x2x0.5 inch
645,Headphones E,645,310$,200,Supplier M,6 months,8/16/2022,5/4/2025,300g,13x9x0.7 inch
646,Smartwatch Z,646,70$,200,Supplier X,2 years,10/31/2022,12/23/2024,1.5kg,8x5x0.5 inch
647,Printer H,647,310$,60,Supplier E,18 months,8/3/2022,2/21/2025,300g,6x5x2 inch
648,Headphones E,648,212$,80,Supplier Z,2 years,1/31/2022,4/4/2025,2kg,8x5x0.5 inch
649,Watch G,649,52$,60,Supplier B,2 years,2/28/2022,10/31/2024,300g,8x5x0.5 inch
650,Tablet B,650,505$,90,Supplier I,1 year,9/14/2022,9/18/2024,2.3kg,2x2x0.5 inch
651,PC D,651,60$,60,Supplier Z,3 years,6/23/2022,2/23/2025,1.5kg,8x5x0.5 inch
652,Watch G,652,100$,50,Supplier A,6 months,2/7/2022,10/10/2024,300g,6x5x2 inch
653,SIM Y,653,99$,30,Supplier E,2 years,1/31/2022,4/13/2025,500g,5x2x0.3 inch
654,Smartphone A,654,531$,100,Supplier M,3 years,10/2/2022,9/5/2024,1.5kg,6x5x2 inch
655,Laptop C,655,310$,100,Supplier A,1 year,4/22/2022,4/10/2025,2kg,6x5x2 inch
656,Tablet B,656,60$,50,Supplier C,2 years,7/15/2022,11/8/2024,650g,13x9x0.7 inch
657,Smartphone A,657,100$,150,Supplier A,2 years,7/17/2022,4/5/2025,300g,8x5x0.5 inch
658,Smartphone A,658,423$,100,Supplier N,2 years,11/3/2022,8/11/2024,500g,8x5x0.5 inch
659,PC D,659,100$,150,Supplier I,3 years,2/8/2022,2/11/2025,300g,6x5x2 inch
660,Accessory F,660,52$,60,Supplier I,6 months,10/12/2022,5/26/2025,2.3kg,8x5x0.5 inch
661,Printer H,661,99$,90,Supplier D,12 months,5/11/2022,5/22/2025,500g,2x2x0.5 inch
662,Printer H,662,505$,150,Supplier Y,12 months,3/31/2022,12/15/2024,200g,5x2x0.3 inch
663,Smartphone A,663,39$,60,Supplier L,2 years,4/28/2022,5/6/2025,500g,6x5x2 inch
664,Accessory F,664,10$,40,Supplier E,6 months,10/11/2022,9/1/2024,300g,8x5x0.5 inch
665,Smartwatch Z,665,70$,50,Supplier O,12 months,8/3/2022,2/14/2025,500g,8x5x0.5 inch
666,Smartphone A,666,310$,100,Supplier X,6 months,9/22/2022,10/29/2024,300g,8x5x0.5 inch
667,Smartphone A,667,60$,90,Supplier M,6 months,6/29/2022,3/26/2025,1.5kg,2x2x0.5 inch
668,Watch G,668,52$,90,Supplier C,18 months,7/14/2022,3/4/2025,200g,13x9x0.7 inch
669,Tablet B,669,60$,80,Supplier X,6 months,11/8/2022,6/29/2024,2kg,8x5x0.5 inch
670,Printer H,670,531$,90,Supplier M,18 months,6/21/2022,3/6/2025,500g,8x5x0.5 inch
671,Printer H,671,70$,70,Supplier A,6 months,4/6/2022,6/5/2025,650g,13x9x0.7 inch
672,Tablet B,672,60$,50,Supplier C,6 months,7/29/2022,6/30/2024,2kg,8x5x0.5 inch
673,Tablet B,673,99$,200,Supplier F,2 years,6/10/2022,9/1/2024,500g,6x5x2 inch
674,Printer H,674,10$,40,Supplier C,1 year,10/19/2022,1/19/2025,200g,13x9x0.7 inch
675,Tablet B,675,423$,200,Supplier E,1 year,1/14/2022,10/13/2024,200g,8x5x0.5 inch
676,Smartphone A,676,310$,40,Supplier G,3 years,7/21/2022,11/11/2024,300g,13x9x0.7 inch
677,Smartwatch Z,677,423$,70,Supplier B,3 years,10/4/2022,7/22/2024,300g,6x5x2 inch
678,Tablet B,678,52$,100,Supplier F,12 months,8/19/2022,7/25/2024,650g,2x2x0.5 inch
679,Accessory F,679,44$,70,Supplier M,6 months,11/14/2022,8/4/2024,300g,2x2x0.5 inch
680,SIM Y,680,531$,50,Supplier B,18 months,11/27/2022,6/21/2024,300g,5x2x0.3 inch
681,Watch G,681,39$,90,Supplier O,6 months,2/17/2022,11/21/2024,200g,2x2x0.5 inch
682,SIM Y,682,423$,100,Supplier X,2 years,5/17/2022,12/29/2024,2.3kg,6x5x2 inch
683,Smartphone A,683,56$,30,Supplier I,1 year,9/15/2022,5/21/2024,300g,13x9x0.7 inch
684,Headphones E,684,56$,100,Supplier E,1 year,1/24/2022,3/1/2025,650g,2x2x0.5 inch
685,Headphones E,685,10$,90,Supplier M,3 years,5/25/2022,7/26/2024,200g,13x9x0.7 inch
686,Accessory F,686,70$,70,Supplier L,12 months,7/2/2022,3/11/2025,300g,13x9x0.7 inch
687,SIM Y,687,44$,200,Supplier K,2 years,3/15/2022,10/12/2024,2kg,8x5x0.5 inch
688,Smartwatch Z,688,423$,60,Supplier I,6 months,5/1/2022,11/24/2024,300g,2x2x0.5 inch
689,SIM Y,689,505$,40,Supplier Y,6 months,10/25/2022,6/7/2025,300g,13x9x0.7 inch
690,Tablet B,690,505$,250,Supplier C,18 months,2/8/2022,9/15/2024,100g,5x2x0.3 inch
691,Accessory F,691,29$,70,Supplier Z,1 year,9/1/2022,8/1/2024,2.3kg,6x5x2 inch
692,Smartphone A,692,10$,60,Supplier G,6 months,6/24/2022,4/29/2025,1.5kg,6x5x2 inch
693,Laptop C,693,60$,100,Supplier D,18 months,12/1/2022,6/11/2025,2.3kg,6x5x2 inch
694,Laptop C,694,531$,100,Supplier D,3 years,7/7/2022,12/7/2024,2.3kg,5x2x0.3 inch
695,PC D,695,60$,40,Supplier D,18 months,7/23/2022,12/9/2024,300g,2x2x0.5 inch
696,SIM Y,696,99$,60,Supplier X,6 months,10/25/2022,6/6/2024,650g,5x2x0.3 inch
697,SIM Y,697,100$,30,Supplier F,2 years,9/10/2022,6/23/2024,650g,13x9x0.7 inch
698,SIM Y,698,39$,200,Supplier I,12 months,6/21/2022,2/12/2025,100g,2x2x0.5 inch
699,Laptop C,699,250$,250,Supplier X,12 months,5/27/2022,4/5/2025,1.5kg,8x5x0.5 inch
700,Watch G,700,56$,150,Supplier L,6 months,3/17/2022,3/3/2025,300g,6x5x2 inch
701,Accessory F,701,100$,250,Supplier H,12 months,1/29/2022,1/9/2025,650g,13x9x0.7 inch
702,Headphones E,702,310$,70,Supplier L,2 years,1/22/2022,11/18/2024,100g,5x2x0.3 inch
703,Headphones E,703,99$,50,Supplier Z,18 months,11/13/2022,11/19/2024,100g,13x9x0.7 inch
704,Watch G,704,100$,40,Supplier I,1 year,5/6/2022,5/2/2025,2kg,13x9x0.7 inch
705,Watch G,705,10$,200,Supplier K,2 years,4/7/2022,7/6/2024,300g,2x2x0.5 inch
706,Accessory F,706,56$,200,Supplier K,12 months,8/25/2022,9/8/2024,500g,2x2x0.5 inch
707,Laptop C,707,10$,40,Supplier C,3 years,10/21/2022,11/8/2024,300g,6x5x2 inch
708,Printer H,708,423$,60,Supplier F,2 years,3/31/2022,3/6/2025,500g,2x2x0.5 inch
709,Accessory F,709,505$,40,Supplier K,12 months,4/7/2022,2/10/2025,1.5kg,13x9x0.7 inch
710,Tablet B,710,44$,250,Supplier D,1 year,7/3/2022,5/31/2024,2.3kg,8x5x0.5 inch
711,Accessory F,711,99$,90,Supplier X,1 year,6/26/2022,2/20/2025,2.3kg,6x5x2 inch
712,Printer H,712,100$,50,Supplier D,18 months,3/19/2022,2/1/2025,2kg,13x9x0.7 inch
713,Watch G,713,70$,30,Supplier L,3 years,4/12/2022,7/8/2024,300g,5x2x0.3 inch
714,Laptop C,714,39$,80,Supplier G,18 months,3/20/2022,5/13/2024,2kg,2x2x0.5 inch
715,Smartphone A,715,70$,70,Supplier M,18 months,6/10/2022,10/22/2024,100g,2x2x0.5 inch
716,Laptop C,716,70$,200,Supplier I,6 months,3/17/2022,4/5/2025,200g,5x2x0.3 inch
717,Smartphone A,717,29$,80,Supplier Y,18 months,5/14/2022,9/23/2024,650g,5x2x0.3 inch
718,Tablet B,718,212$,30,Supplier X,6 months,9/8/2022,10/24/2024,2.3kg,5x2x0.3 inch
719,Smartwatch Z,719,99$,30,Supplier O,12 months,8/18/2022,12/20/2024,1.5kg,8x5x0.5 inch
720,Accessory F,720,10$,40,Supplier I,1 year,7/24/2022,7/18/2024,500g,8x5x0.5 inch
721,Headphones E,721,70$,150,Supplier G,12 months,7/12/2022,9/10/2024,100g,5x2x0.3 inch
722,SIM Y,722,100$,250,Supplier Y,3 years,8/28/2022,12/11/2024,200g,8x5x0.5 inch
723,Headphones E,723,100$,250,Supplier N,3 years,4/18/2022,12/19/2024,300g,8x5x0.5 inch
724,Headphones E,724,100$,150,Supplier G,3 years,9/3/2022,1/22/2025,200g,13x9x0.7 inch
725,Printer H,725,60$,50,Supplier E,2 years,9/10/2022,4/21/2025,300g,5x2x0.3 inch
726,Accessory F,726,212$,90,Supplier Y,1 year,11/2/2022,4/25/2025,300g,5x2x0.3 inch
727,Headphones E,727,212$,50,Supplier X,1 year,4/23/2022,8/16/2024,2kg,8x5x0.5 inch
728,Tablet B,728,505$,40,Supplier M,6 months,1/26/2022,1/12/2025,300g,2x2x0.5 inch
729,Laptop C,729,100$,90,Supplier A,12 months,5/2/2022,6/29/2024,300g,6x5x2 inch
730,Headphones E,730,10$,70,Supplier K,6 months,9/3/2022,3/9/2025,650g,6x5x2 inch
731,Headphones E,731,505$,80,Supplier C,12 months,6/6/2022,8/20/2024,650g,6x5x2 inch
732,Watch G,732,423$,40,Supplier E,18 months,2/27/2022,5/6/2025,2kg,8x5x0.5 inch
733,SIM Y,733,70$,150,Supplier X,3 years,4/26/2022,8/15/2024,100g,2x2x0.5 inch
734,Laptop C,734,505$,90,Supplier H,1 year,8/31/2022,9/27/2024,650g,13x9x0.7 inch
735,PC D,735,10$,200,Supplier K,18 months,5/7/2022,7/4/2024,100g,2x2x0.5 inch
736,Watch G,736,505$,150,Supplier Y,6 months,7/16/2022,7/13/2024,1.5kg,13x9x0.7 inch
737,Tablet B,737,10$,60,Supplier E,2 years,9/14/2022,8/28/2024,650g,6x5x2 inch
738,Smartwatch Z,738,212$,100,Supplier Z,12 months,7/8/2022,11/14/2024,2kg,2x2x0.5 inch
739,Smartwatch Z,739,99$,100,Supplier F,18 months,2/1/2022,12/20/2024,100g,6x5x2 inch
740,Laptop C,740,250$,200,Supplier L,1 year,3/27/2022,1/17/2025,300g,5x2x0.3 inch
741,Smartphone A,741,39$,80,Supplier E,18 months,8/26/2022,10/21/2024,1.5kg,5x2x0.3 inch
742,Headphones E,742,39$,40,Supplier D,3 years,7/18/2022,6/13/2025,100g,6x5x2 inch
743,SIM Y,743,212$,250,Supplier F,2 years,2/21/2022,6/29/2024,300g,6x5x2 inch
744,Printer H,744,250$,200,Supplier K,1 year,11/29/2022,1/4/2025,200g,5x2x0.3 inch
745,Tablet B,745,56$,200,Supplier Z,1 year,11/21/2022,1/8/2025,200g,6x5x2 inch
746,Tablet B,746,52$,40,Supplier B,1 year,6/2/2022,11/24/2024,2.3kg,13x9x0.7 inch
747,SIM Y,747,100$,60,Supplier N,2 years,8/13/2022,2/9/2025,1.5kg,13x9x0.7 inch
748,Printer H,748,39$,30,Supplier O,3 years,4/18/2022,10/18/2024,200g,8x5x0.5 inch
749,PC D,749,212$,150,Supplier C,6 months,6/20/2022,10/4/2024,1.5kg,6x5x2 inch
750,Watch G,750,423$,70,Supplier Z,18 months,11/2/2022,5/23/2025,500g,2x2x0.5 inch
751,PC D,751,423$,100,Supplier F,6 months,9/8/2022,8/25/2024,100g,8x5x0.5 inch
752,Laptop C,752,505$,30,Supplier I,1 year,2/4/2022,6/1/2025,2.3kg,2x2x0.5 inch
753,PC D,753,310$,150,Supplier X,6 months,5/27/2022,4/21/2025,1.5kg,2x2x0.5 inch
754,Smartphone A,754,10$,150,Supplier I,6 months,9/8/2022,10/7/2024,2.3kg,8x5x0.5 inch
755,Watch G,755,531$,90,Supplier L,2 years,9/16/2022,3/31/2025,500g,8x5x0.5 inch
756,Tablet B,756,10$,70,Supplier N,12 months,10/5/2022,12/8/2024,500g,6x5x2 inch
757,Smartwatch Z,757,70$,250,Supplier A,1 year,11/16/2022,5/16/2024,2kg,8x5x0.5 inch
758,Watch G,758,423$,50,Supplier I,2 years,2/27/2022,12/24/2024,300g,6x5x2 inch
759,Watch G,759,250$,90,Supplier C,6 months,11/10/2022,1/27/2025,650g,8x5x0.5 inch
760,Laptop C,760,100$,30,Supplier C,18 months,7/3/2022,2/18/2025,500g,13x9x0.7 inch
761,Headphones E,761,56$,80,Supplier Z,1 year,6/14/2022,5/4/2025,1.5kg,5x2x0.3 inch
762,Headphones E,762,100$,150,Supplier H,2 years,10/2/2022,1/14/2025,300g,5x2x0.3 inch
763,Accessory F,763,212$,200,Supplier X,12 months,5/23/2022,5/6/2025,2kg,6x5x2 inch
764,Printer H,764,39$,250,Supplier A,1 year,1/14/2022,2/4/2025,2kg,6x5x2 inch
765,Smartwatch Z,765,423$,200,Supplier B,18 months,4/12/2022,1/13/2025,650g,6x5x2 inch
766,Laptop C,766,56$,90,Supplier C,3 years,1/23/2022,9/4/2024,300g,2x2x0.5 inch
767,Smartwatch Z,767,505$,50,Supplier B,3 years,9/9/2022,6/16/2024,2.3kg,8x5x0.5 inch
768,Laptop C,768,250$,50,Supplier Z,2 years,9/8/2022,5/20/2025,100g,6x5x2 inch
769,Smartphone A,769,56$,150,Supplier N,18 months,12/6/2022,1/8/2025,300g,13x9x0.7 inch
770,Accessory F,770,70$,150,Supplier M,6 months,3/8/2022,2/4/2025,650g,6x5x2 inch
771,Smartphone A,771,423$,30,Supplier B,2 years,1/27/2022,12/24/2024,500g,6x5x2 inch
772,SIM Y,772,423$,90,Supplier L,18 months,2/2/2022,5/18/2024,200g,6x5x2 inch
773,Smartwatch Z,773,44$,200,Supplier M,6 months,2/8/2022,6/19/2024,2kg,5x2x0.3 inch
774,Accessory F,774,44$,60,Supplier K,2 years,1/12/2022,5/2/2025,2kg,8x5x0.5 inch
775,Accessory F,775,56$,80,Supplier E,3 years,12/11/2022,12/19/2024,2kg,5x2x0.3 inch
776,SIM Y,776,423$,150,Supplier D,3 years,7/7/2022,6/6/2024,300g,2x2x0.5 inch
777,SIM Y,777,10$,30,Supplier O,3 years,2/6/2022,7/6/2024,300g,13x9x0.7 inch
778,Laptop C,778,39$,70,Supplier N,6 months,11/20/2022,10/25/2024,500g,6x5x2 inch
779,Headphones E,779,99$,40,Supplier M,1 year,8/26/2022,6/18/2024,100g,2x2x0.5 inch
780,PC D,780,531$,40,Supplier D,2 years,11/6/2022,4/13/2025,1.5kg,8x5x0.5 inch
781,Smartwatch Z,781,44$,100,Supplier D,2 years,8/28/2022,10/23/2024,1.5kg,13x9x0.7 inch
782,SIM Y,782,60$,150,Supplier A,3 years,9/16/2022,1/21/2025,100g,6x5x2 inch
783,Printer H,783,70$,150,Supplier G,12 months,7/26/2022,10/7/2024,200g,13x9x0.7 inch
784,Accessory F,784,52$,90,Supplier M,3 years,11/8/2022,3/15/2025,300g,5x2x0.3 inch
785,Watch G,785,423$,40,Supplier C,3 years,6/24/2022,12/30/2024,2kg,5x2x0.3 inch
786,Smartwatch Z,786,423$,50,Supplier F,12 months,7/12/2022,10/15/2024,200g,8x5x0.5 inch
787,Watch G,787,212$,30,Supplier D,6 months,8/19/2022,9/17/2024,1.5kg,8x5x0.5 inch
788,Watch G,788,44$,90,Supplier K,1 year,11/16/2022,10/31/2024,2kg,5x2x0.3 inch
789,Headphones E,789,250$,30,Supplier K,1 year,8/18/2022,7/10/2024,2kg,6x5x2 inch
790,Tablet B,790,212$,30,Supplier O,1 year,6/15/2022,8/6/2024,2.3kg,5x2x0.3 inch
791,PC D,791,99$,90,Supplier C,6 months,2/3/2022,11/10/2024,2kg,6x5x2 inch
792,Headphones E,792,39$,100,Supplier L,18 months,6/20/2022,5/22/2024,650g,6x5x2 inch
793,Printer H,793,44$,60,Supplier F,12 months,1/22/2022,7/2/2024,300g,6x5x2 inch
794,Smartphone A,794,39$,90,Supplier O,6 months,8/14/2022,11/28/2024,500g,6x5x2 inch
795,Printer H,795,10$,30,Supplier E,2 years,7/5/2022,9/4/2024,300g,6x5x2 inch
796,Accessory F,796,70$,150,Supplier G,1 year,10/15/2022,6/9/2024,300g,13x9x0.7 inch
797,Printer H,797,250$,80,Supplier I,6 months,5/21/2022,1/17/2025,1.5kg,13x9x0.7 inch
798,Smartphone A,798,250$,50,Supplier K,3 years,8/25/2022,6/3/2025,650g,5x2x0.3 inch
799,Headphones E,799,310$,80,Supplier L,18 months,1/31/2022,11/10/2024,100g,2x2x0.5 inch
800,SIM Y,800,70$,70,Supplier C,1 year,9/28/2022,12/14/2024,200g,2x2x0.5 inch
801,Printer H,801,29$,100,Supplier H,2 years,2/12/2022,1/8/2025,2kg,8x5x0.5 inch
802,Smartphone A,802,10$,50,Supplier F,12 months,4/16/2022,6/5/2025,300g,2x2x0.5 inch
803,Watch G,803,250$,60,Supplier O,1 year,11/3/2022,8/2/2024,2kg,8x5x0.5 inch
804,Laptop C,804,44$,200,Supplier Z,18 months,3/27/2022,12/12/2024,200g,2x2x0.5 inch
805,Accessory F,805,212$,100,Supplier K,18 months,9/3/2022,10/9/2024,100g,5x2x0.3 inch
806,SIM Y,806,52$,40,Supplier E,1 year,6/29/2022,8/4/2024,2.3kg,5x2x0.3 inch
807,Tablet B,807,10$,200,Supplier I,2 years,10/29/2022,6/29/2024,100g,2x2x0.5 inch
808,SIM Y,808,310$,90,Supplier G,1 year,9/17/2022,3/31/2025,300g,6x5x2 inch
809,Headphones E,809,505$,50,Supplier I,12 months,4/2/2022,3/22/2025,200g,5x2x0.3 inch
810,Smartphone A,810,423$,150,Supplier Z,18 months,12/9/2022,4/17/2025,650g,8x5x0.5 inch
811,SIM Y,811,70$,150,Supplier K,18 months,5/13/2022,12/31/2024,300g,8x5x0.5 inch
812,Printer H,812,531$,100,Supplier K,1 year,10/20/2022,5/29/2024,1.5kg,13x9x0.7 inch
813,Accessory F,813,99$,40,Supplier C,1 year,4/7/2022,4/29/2025,1.5kg,5x2x0.3 inch
814,Tablet B,814,212$,70,Supplier I,2 years,12/6/2022,5/21/2024,2kg,6x5x2 inch
815,Accessory F,815,29$,100,Supplier F,18 months,6/17/2022,1/25/2025,500g,6x5x2 inch
816,SIM Y,816,99$,40,Supplier C,3 years,9/2/2022,5/31/2024,650g,13x9x0.7 inch
817,Tablet B,817,44$,80,Supplier Y,2 years,5/30/2022,7/4/2024,300g,5x2x0.3 inch
818,Watch G,818,212$,80,Supplier I,3 years,11/11/2022,4/20/2025,2kg,13x9x0.7 inch
819,PC D,819,423$,60,Supplier C,6 months,8/17/2022,3/18/2025,650g,8x5x0.5 inch
820,Laptop C,820,531$,80,Supplier H,1 year,8/2/2022,2/9/2025,2kg,6x5x2 inch
821,PC D,821,56$,150,Supplier E,18 months,5/6/2022,7/6/2024,2kg,5x2x0.3 inch
822,Headphones E,822,99$,30,Supplier C,1 year,11/25/2022,12/19/2024,300g,5x2x0.3 inch
823,Headphones E,823,423$,50,Supplier G,1 year,10/25/2022,11/16/2024,200g,2x2x0.5 inch
824,Watch G,824,100$,70,Supplier F,1 year,5/15/2022,5/4/2025,300g,6x5x2 inch
825,Tablet B,825,29$,80,Supplier D,3 years,11/27/2022,5/30/2025,650g,8x5x0.5 inch
826,Laptop C,826,212$,70,Supplier K,2 years,4/12/2022,3/23/2025,2kg,5x2x0.3 inch
827,Tablet B,827,100$,40,Supplier O,1 year,2/22/2022,4/2/2025,100g,2x2x0.5 inch
828,Laptop C,828,310$,150,Supplier B,18 months,5/8/2022,11/28/2024,2kg,8x5x0.5 inch
829,PC D,829,531$,30,Supplier F,2 years,1/21/2022,10/29/2024,2kg,8x5x0.5 inch
830,Smartwatch Z,830,39$,250,Supplier D,6 months,4/1/2022,10/18/2024,100g,2x2x0.5 inch
831,Accessory F,831,99$,80,Supplier B,18 months,6/25/2022,11/12/2024,2.3kg,13x9x0.7 inch
832,Laptop C,832,99$,50,Supplier O,18 months,5/4/2022,5/11/2024,300g,8x5x0.5 inch
833,Smartphone A,833,531$,90,Supplier G,12 months,12/10/2022,6/9/2025,300g,13x9x0.7 inch
834,Accessory F,834,70$,80,Supplier D,12 months,4/8/2022,6/13/2025,650g,13x9x0.7 inch
835,Smartphone A,835,52$,50,Supplier G,6 months,5/21/2022,5/31/2025,500g,5x2x0.3 inch
836,Watch G,836,531$,200,Supplier N,3 years,7/3/2022,6/16/2024,300g,8x5x0.5 inch
837,Headphones E,837,310$,70,Supplier E,1 year,11/29/2022,8/28/2024,2kg,8x5x0.5 inch
838,Accessory F,838,423$,200,Supplier L,2 years,12/12/2022,3/13/2025,100g,5x2x0.3 inch
839,Accessory F,839,505$,50,Supplier D,12 months,4/27/2022,8/24/2024,1.5kg,2x2x0.5 inch
840,Smartwatch Z,840,310$,250,Supplier L,12 months,6/13/2022,10/15/2024,1.5kg,13x9x0.7 inch
841,Accessory F,841,39$,80,Supplier F,6 months,6/11/2022,5/28/2024,300g,5x2x0.3 inch
842,SIM Y,842,99$,80,Supplier O,6 months,5/25/2022,1/13/2025,500g,2x2x0.5 inch
843,Tablet B,843,505$,40,Supplier I,6 months,11/28/2022,1/15/2025,2kg,13x9x0.7 inch
844,Printer H,844,212$,50,Supplier O,6 months,9/16/2022,8/15/2024,650g,2x2x0.5 inch
845,Watch G,845,99$,30,Supplier Y,2 years,8/18/2022,11/17/2024,650g,13x9x0.7 inch
846,Headphones E,846,99$,90,Supplier K,2 years,3/16/2022,10/16/2024,300g,2x2x0.5 inch
847,Watch G,847,531$,150,Supplier I,1 year,7/17/2022,8/30/2024,100g,2x2x0.5 inch
848,Headphones E,848,60$,70,Supplier F,2 years,8/21/2022,8/22/2024,300g,8x5x0.5 inch
849,Tablet B,849,310$,90,Supplier I,6 months,9/22/2022,3/8/2025,2.3kg,13x9x0.7 inch
850,Headphones E,850,52$,60,Supplier X,12 months,4/27/2022,7/15/2024,100g,13x9x0.7 inch
851,Accessory F,851,39$,40,Supplier I,1 year,7/6/2022,9/22/2024,2.3kg,2x2x0.5 inch
852,SIM Y,852,100$,60,Supplier C,6 months,5/18/2022,8/19/2024,200g,5x2x0.3 inch
853,Accessory F,853,100$,80,Supplier H,12 months,9/14/2022,3/3/2025,500g,8x5x0.5 inch
854,PC D,854,10$,250,Supplier K,6 months,4/20/2022,4/19/2025,500g,2x2x0.5 inch
855,Headphones E,855,531$,60,Supplier D,2 years,9/16/2022,11/30/2024,2kg,6x5x2 inch
856,Headphones E,856,60$,100,Supplier X,6 months,5/4/2022,10/20/2024,2kg,8x5x0.5 inch
857,Headphones E,857,44$,250,Supplier H,2 years,9/17/2022,1/18/2025,300g,8x5x0.5 inch
858,Printer H,858,250$,60,Supplier B,6 months,7/21/2022,11/2/2024,500g,6x5x2 inch
859,Smartwatch Z,859,44$,70,Supplier I,1 year,1/15/2022,3/10/2025,100g,2x2x0.5 inch
860,Headphones E,860,39$,40,Supplier H,18 months,11/12/2022,6/5/2024,1.5kg,5x2x0.3 inch
861,Headphones E,861,99$,250,Supplier B,3 years,10/25/2022,2/24/2025,500g,6x5x2 inch
862,Tablet B,862,99$,200,Supplier Y,12 months,10/16/2022,3/24/2025,1.5kg,5x2x0.3 inch
863,Smartphone A,863,505$,30,Supplier X,3 years,1/15/2022,3/17/2025,2kg,2x2x0.5 inch
864,Accessory F,864,505$,250,Supplier N,6 months,4/23/2022,5/22/2024,300g,6x5x2 inch
865,Laptop C,865,531$,80,Supplier C,3 years,8/22/2022,5/28/2024,1.5kg,5x2x0.3 inch
866,Printer H,866,39$,30,Supplier O,1 year,1/30/2022,3/7/2025,100g,6x5x2 inch
867,PC D,867,310$,50,Supplier C,6 months,2/13/2022,12/28/2024,1.5kg,6x5x2 inch
868,Watch G,868,310$,60,Supplier M,6 months,10/25/2022,2/16/2025,200g,6x5x2 inch
869,Tablet B,869,505$,150,Supplier N,1 year,12/5/2022,3/28/2025,650g,5x2x0.3 inch
870,Smartphone A,870,100$,60,Supplier O,3 years,7/8/2022,12/9/2024,2kg,2x2x0.5 inch
871,Smartwatch Z,871,531$,60,Supplier G,6 months,9/12/2022,6/11/2025,650g,13x9x0.7 inch
872,Laptop C,872,100$,50,Supplier C,18 months,5/7/2022,6/4/2024,200g,6x5x2 inch
873,Smartwatch Z,873,212$,200,Supplier I,1 year,8/4/2022,12/11/2024,2.3kg,5x2x0.3 inch
874,Laptop C,874,39$,50,Supplier D,6 months,9/19/2022,5/10/2025,1.5kg,6x5x2 inch
875,Tablet B,875,56$,40,Supplier D,12 months,3/27/2022,1/19/2025,500g,2x2x0.5 inch
876,Headphones E,876,44$,200,Supplier B,18 months,1/13/2022,5/1/2025,100g,13x9x0.7 inch
877,Tablet B,877,52$,30,Supplier M,6 months,7/14/2022,8/23/2024,200g,8x5x0.5 inch
878,Headphones E,878,212$,250,Supplier A,6 months,3/1/2022,2/4/2025,300g,13x9x0.7 inch
879,Tablet B,879,212$,90,Supplier N,18 months,8/21/2022,10/18/2024,500g,5x2x0.3 inch
880,Smartwatch Z,880,52$,90,Supplier G,2 years,9/12/2022,6/29/2024,1.5kg,6x5x2 inch
881,Laptop C,881,52$,60,Supplier E,2 years,2/3/2022,3/13/2025,2.3kg,2x2x0.5 inch
882,Smartphone A,882,39$,80,Supplier E,2 years,2/14/2022,9/26/2024,1.5kg,2x2x0.5 inch
883,Smartphone A,883,310$,80,Supplier Z,3 years,7/11/2022,3/5/2025,2.3kg,8x5x0.5 inch
884,Printer H,884,212$,60,Supplier B,18 months,3/7/2022,12/11/2024,300g,8x5x0.5 inch
885,Tablet B,885,56$,50,Supplier A,3 years,5/22/2022,1/29/2025,200g,13x9x0.7 inch
886,Smartwatch Z,886,29$,70,Supplier F,6 months,11/15/2022,2/17/2025,100g,2x2x0.5 inch
887,Smartphone A,887,60$,50,Supplier M,2 years,1/14/2022,10/24/2024,500g,6x5x2 inch
888,Printer H,888,310$,80,Supplier Z,2 years,3/1/2022,1/23/2025,300g,5x2x0.3 inch
889,Printer H,889,99$,90,Supplier X,3 years,6/1/2022,6/12/2025,500g,6x5x2 inch
890,Accessory F,890,44$,150,Supplier Z,12 months,4/10/2022,5/28/2024,300g,13x9x0.7 inch
891,Accessory F,891,10$,30,Supplier H,6 months,4/13/2022,2/11/2025,650g,5x2x0.3 inch
892,Headphones E,892,56$,40,Supplier B,3 years,1/23/2022,1/8/2025,1.5kg,5x2x0.3 inch
893,Smartwatch Z,893,531$,50,Supplier F,1 year,5/16/2022,12/12/2024,200g,2x2x0.5 inch
894,Headphones E,894,505$,50,Supplier M,18 months,2/10/2022,11/20/2024,2kg,6x5x2 inch
895,Accessory F,895,99$,250,Supplier H,1 year,5/12/2022,4/27/2025,100g,5x2x0.3 inch
896,PC D,896,100$,200,Supplier N,12 months,3/21/2022,1/20/2025,2kg,5x2x0.3 inch
897,SIM Y,897,60$,90,Supplier E,18 months,1/30/2022,4/13/2025,1.5kg,2x2x0.5 inch
898,Accessory F,898,70$,30,Supplier N,2 years,11/7/2022,10/25/2024,300g,2x2x0.5 inch
899,Accessory F,899,99$,200,Supplier B,6 months,11/21/2022,6/9/2025,650g,2x2x0.5 inch
900,Printer H,900,100$,250,Supplier K,3 years,3/3/2022,12/28/2024,100g,8x5x0.5 inch
901,Smartwatch Z,901,99$,70,Supplier M,1 year,11/23/2022,7/22/2024,100g,5x2x0.3 inch
902,Watch G,902,10$,60,Supplier D,2 years,4/17/2022,6/7/2025,1.5kg,6x5x2 inch
903,Accessory F,903,250$,150,Supplier K,12 months,8/20/2022,4/9/2025,100g,8x5x0.5 inch
904,Smartwatch Z,904,60$,100,Supplier E,12 months,9/26/2022,5/28/2025,2.3kg,6x5x2 inch
905,Printer H,905,29$,60,Supplier F,18 months,7/20/2022,9/11/2024,2.3kg,6x5x2 inch
906,PC D,906,100$,150,Supplier I,2 years,1/13/2022,9/24/2024,2.3kg,6x5x2 inch
907,Headphones E,907,60$,250,Supplier D,18 months,2/8/2022,12/19/2024,300g,8x5x0.5 inch
908,Printer H,908,29$,150,Supplier B,6 months,7/27/2022,12/22/2024,500g,5x2x0.3 inch
909,Headphones E,909,56$,250,Supplier Z,18 months,1/12/2022,1/24/2025,300g,13x9x0.7 inch
910,Watch G,910,212$,250,Supplier G,1 year,6/8/2022,8/18/2024,2.3kg,5x2x0.3 inch
911,PC D,911,60$,50,Supplier O,6 months,7/4/2022,11/9/2024,2kg,5x2x0.3 inch
912,Accessory F,912,44$,40,Supplier E,6 months,2/1/2022,2/7/2025,1.5kg,2x2x0.5 inch
913,Tablet B,913,100$,60,Supplier G,12 months,10/28/2022,4/1/2025,2.3kg,5x2x0.3 inch
914,PC D,914,39$,60,Supplier C,6 months,7/23/2022,3/21/2025,650g,6x5x2 inch
915,Tablet B,915,423$,100,Supplier H,18 months,1/14/2022,12/5/2024,300g,2x2x0.5 inch
916,Laptop C,916,99$,40,Supplier X,6 months,6/13/2022,5/29/2025,300g,2x2x0.5 inch
917,Laptop C,917,423$,100,Supplier F,18 months,4/1/2022,12/26/2024,300g,5x2x0.3 inch
918,Smartwatch Z,918,531$,150,Supplier C,1 year,4/3/2022,7/10/2024,2.3kg,8x5x0.5 inch
919,SIM Y,919,29$,40,Supplier B,6 months,4/3/2022,9/18/2024,100g,8x5x0.5 inch
920,Accessory F,920,212$,50,Supplier E,18 months,6/1/2022,1/7/2025,500g,5x2x0.3 inch
921,SIM Y,921,212$,100,Supplier L,1 year,8/13/2022,3/1/2025,1.5kg,13x9x0.7 inch
922,Tablet B,922,99$,90,Supplier B,18 months,3/30/2022,3/12/2025,300g,6x5x2 inch
923,Smartwatch Z,923,10$,150,Supplier I,12 months,9/30/2022,11/23/2024,2.3kg,5x2x0.3 inch
924,Accessory F,924,99$,70,Supplier L,6 months,1/29/2022,1/8/2025,2kg,2x2x0.5 inch
925,Headphones E,925,52$,80,Supplier O,3 years,6/18/2022,6/7/2024,650g,2x2x0.5 inch
926,Laptop C,926,99$,70,Supplier Z,1 year,11/11/2022,7/29/2024,650g,5x2x0.3 inch
927,Laptop C,927,99$,80,Supplier I,3 years,3/9/2022,11/24/2024,2.3kg,6x5x2 inch
928,Printer H,928,29$,90,Supplier M,2 years,5/26/2022,8/1/2024,650g,5x2x0.3 inch
929,SIM Y,929,250$,60,Supplier Y,3 years,6/17/2022,12/4/2024,300g,8x5x0.5 inch
930,PC D,930,10$,200,Supplier X,18 months,7/28/2022,2/8/2025,100g,2x2x0.5 inch
931,Laptop C,931,52$,30,Supplier Y,6 months,4/9/2022,2/3/2025,200g,8x5x0.5 inch
932,Headphones E,932,99$,60,Supplier A,18 months,5/21/2022,10/27/2024,2.3kg,6x5x2 inch
933,SIM Y,933,99$,250,Supplier N,1 year,12/5/2022,4/10/2025,650g,2x2x0.5 inch
934,Smartwatch Z,934,505$,50,Supplier K,3 years,5/31/2022,7/22/2024,1.5kg,13x9x0.7 inch
935,PC D,935,56$,90,Supplier Y,12 months,7/30/2022,6/15/2024,200g,5x2x0.3 inch
936,SIM Y,936,212$,30,Supplier K,3 years,5/2/2022,8/7/2024,300g,2x2x0.5 inch
937,Watch G,937,44$,100,Supplier M,1 year,10/24/2022,12/30/2024,100g,5x2x0.3 inch
938,Smartphone A,938,100$,40,Supplier B,6 months,2/28/2022,11/19/2024,100g,13x9x0.7 inch
939,Printer H,939,99$,90,Supplier X,18 months,6/14/2022,3/31/2025,2kg,13x9x0.7 inch
940,Smartwatch Z,940,310$,250,Supplier H,2 years,5/3/2022,7/20/2024,1.5kg,8x5x0.5 inch
941,Laptop C,941,250$,40,Supplier L,12 months,9/10/2022,10/2/2024,1.5kg,8x5x0.5 inch
942,Smartphone A,942,29$,70,Supplier E,3 years,7/18/2022,5/13/2025,200g,2x2x0.5 inch
943,Accessory F,943,505$,80,Supplier A,1 year,7/5/2022,4/25/2025,300g,6x5x2 inch
944,SIM Y,944,56$,90,Supplier K,3 years,11/2/2022,10/6/2024,500g,2x2x0.5 inch
945,Smartwatch Z,945,39$,70,Supplier K,3 years,11/8/2022,5/28/2025,300g,8x5x0.5 inch
946,Watch G,946,52$,250,Supplier L,18 months,7/27/2022,6/13/2024,300g,6x5x2 inch
947,Headphones E,947,44$,50,Supplier O,12 months,5/7/2022,10/5/2024,500g,13x9x0.7 inch
948,Watch G,948,39$,70,Supplier O,18 months,10/16/2022,1/18/2025,500g,6x5x2 inch
949,Laptop C,949,100$,90,Supplier M,6 months,11/19/2022,10/24/2024,2kg,13x9x0.7 inch
950,PC D,950,310$,100,Supplier L,3 years,3/28/2022,6/13/2024,2kg,6x5x2 inch
951,Smartwatch Z,951,10$,30,Supplier I,2 years,7/27/2022,9/25/2024,300g,8x5x0.5 inch
952,PC D,952,310$,150,Supplier O,6 months,5/13/2022,5/31/2025,1.5kg,2x2x0.5 inch
953,Accessory F,953,505$,70,Supplier G,2 years,6/21/2022,5/16/2024,650g,2x2x0.5 inch
954,PC D,954,29$,40,Supplier Y,6 months,6/11/2022,5/6/2025,300g,5x2x0.3 inch
955,Tablet B,955,531$,250,Supplier F,2 years,12/5/2022,10/8/2024,100g,6x5x2 inch
956,Printer H,956,505$,150,Supplier F,3 years,8/29/2022,10/24/2024,300g,5x2x0.3 inch
957,Laptop C,957,423$,250,Supplier B,6 months,10/13/2022,11/24/2024,1.5kg,5x2x0.3 inch
958,PC D,958,44$,90,Supplier H,12 months,12/7/2022,7/18/2024,300g,5x2x0.3 inch
959,PC D,959,39$,90,Supplier X,18 months,7/12/2022,10/19/2024,300g,13x9x0.7 inch
960,Watch G,960,29$,200,Supplier K,2 years,11/3/2022,10/28/2024,300g,13x9x0.7 inch
961,Smartphone A,961,44$,250,Supplier L,12 months,11/12/2022,10/1/2024,2kg,6x5x2 inch
962,Watch G,962,531$,50,Supplier N,3 years,7/24/2022,8/21/2024,200g,13x9x0.7 inch
963,Printer H,963,310$,90,Supplier M,3 years,5/24/2022,10/4/2024,300g,13x9x0.7 inch
964,Smartwatch Z,964,52$,100,Supplier M,3 years,1/22/2022,4/22/2025,650g,8x5x0.5 inch
965,Smartphone A,965,310$,150,Supplier F,1 year,10/7/2022,11/23/2024,2kg,5x2x0.3 inch
966,Smartwatch Z,966,100$,60,Supplier K,6 months,1/13/2022,8/9/2024,300g,8x5x0.5 inch
967,Smartphone A,967,212$,150,Supplier L,2 years,6/15/2022,7/16/2024,300g,5x2x0.3 inch
968,SIM Y,968,52$,70,Supplier Y,18 months,6/21/2022,2/25/2025,2kg,2x2x0.5 inch
969,Printer H,969,100$,100,Supplier X,2 years,11/25/2022,8/14/2024,300g,2x2x0.5 inch
970,SIM Y,970,60$,200,Supplier I,18 months,4/8/2022,7/13/2024,100g,8x5x0.5 inch
971,Accessory F,971,39$,250,Supplier F,12 months,11/4/2022,11/22/2024,300g,2x2x0.5 inch
972,Laptop C,972,39$,250,Supplier B,3 years,1/27/2022,5/18/2025,500g,13x9x0.7 inch
973,Laptop C,973,39$,30,Supplier F,6 months,9/3/2022,4/7/2025,1.5kg,13x9x0.7 inch
974,Watch G,974,250$,30,Supplier H,12 months,10/11/2022,1/1/2025,300g,6x5x2 inch
975,Watch G,975,310$,100,Supplier Z,1 year,3/30/2022,4/5/2025,100g,2x2x0.5 inch
976,Smartwatch Z,976,60$,70,Supplier B,2 years,9/3/2022,6/29/2024,200g,13x9x0.7 inch
977,Headphones E,977,39$,30,Supplier A,6 months,3/27/2022,1/22/2025,200g,13x9x0.7 inch
978,Printer H,978,505$,150,Supplier B,3 years,8/12/2022,1/6/2025,300g,13x9x0.7 inch
979,PC D,979,39$,80,Supplier F,6 months,11/4/2022,10/1/2024,500g,5x2x0.3 inch
980,SIM Y,980,56$,150,Supplier A,18 months,7/5/2022,5/8/2025,650g,5x2x0.3 inch
981,Smartphone A,981,505$,40,Supplier E,6 months,8/19/2022,6/12/2024,650g,13x9x0.7 inch
982,Smartphone A,982,100$,150,Supplier B,1 year,11/13/2022,3/22/2025,100g,6x5x2 inch
983,Watch G,983,29$,50,Supplier M,1 year,10/17/2022,5/9/2025,300g,2x2x0.5 inch
984,Accessory F,984,10$,80,Supplier H,12 months,6/21/2022,2/21/2025,650g,5x2x0.3 inch
985,SIM Y,985,100$,200,Supplier F,1 year,6/15/2022,3/21/2025,2.3kg,2x2x0.5 inch
986,Headphones E,986,99$,50,Supplier C,12 months,5/21/2022,1/7/2025,100g,13x9x0.7 inch
987,Accessory F,987,531$,90,Supplier L,2 years,8/29/2022,9/15/2024,500g,5x2x0.3 inch
988,Accessory F,988,56$,50,Supplier F,3 years,9/14/2022,3/14/2025,650g,13x9x0.7 inch
989,Smartphone A,989,70$,40,Supplier D,1 year,2/26/2022,8/27/2024,650g,5x2x0.3 inch
990,Headphones E,990,10$,60,Supplier O,3 years,5/25/2022,6/8/2024,2kg,8x5x0.5 inch
991,Tablet B,991,531$,150,Supplier A,2 years,4/19/2022,2/12/2025,500g,2x2x0.5 inch
992,Headphones E,992,100$,250,Supplier Y,1 year,6/19/2022,1/20/2025,2kg,13x9x0.7 inch
993,Watch G,993,99$,40,Supplier B,3 years,5/2/2022,10/12/2024,300g,2x2x0.5 inch
994,Laptop C,994,531$,150,Supplier D,2 years,3/12/2022,12/20/2024,2.3kg,8x5x0.5 inch
995,Printer H,995,60$,90,Supplier H,12 months,8/2/2022,10/18/2024,300g,2x2x0.5 inch
996,Watch G,996,423$,90,Supplier X,6 months,9/1/2022,1/4/2025,1.5kg,5x2x0.3 inch
997,Accessory F,997,10$,150,Supplier M,3 years,6/7/2022,3/17/2025,200g,5x2x0.3 inch
998,SIM Y,998,70$,80,Supplier G,12 months,3/29/2022,1/21/2025,300g,5x2x0.3 inch
999,Headphones E,999,56$,60,Supplier E,12 months,3/20/2022,11/13/2024,650g,6x5x2 inch
1000,Accessory F,1000,310$,70,Supplier C,2 years,7/29/2022,12/3/2024,300g,13x9x0.7 inch
